VideoID,Title,URL,Topic,Status,Talk By
hqpyL-nYv74,Introduction: Sri Daya Mata Memorial Service,https://www.youtube.com/watch?v=hqpyL-nYv74,SRF||||Sri Daya Mata|Memorial Service|,completed,Sri Daya Mata
1PrQ25KkCdU,"“A Satguru’s Promise: ‘To Those who Think Me Near, I am Near’” (in Hindi) | By Swami Chaitanyananda",https://www.youtube.com/watch?v=1PrQ25KkCdU,YSS|Hindi|||Swami Chaitanyananda|,completed,Swami Chaitanyananda
zox8ZTFb6VI,“At the Feet of the Guru”— Studying the New SRF Lessons | 2020 SRF Online World Convocation,https://www.youtube.com/watch?v=zox8ZTFb6VI,SRF||||SRF Monastics|Convocation|,completed,SRF Monastics
b-LzFHT3Y2M,“Deepening Our Practice of Meditation” | A Talk by YSS Sannyasi Swami Smaranananda Giri in English,https://www.youtube.com/watch?v=b-LzFHT3Y2M,YSS||||Swami Smaranananda Giri|,completed,Swami Smaranananda Giri
FkWBsufZvz8,“Dynamic Will Can Change Your Life” by Brother Anandamoy,https://www.youtube.com/watch?v=FkWBsufZvz8,SRF||||Brother Anandamoy|,completed,Brother Anandamoy
0tBwwYPbmJ0,“Embraced in God’s Love — The Guru-Disciple Relationship” | How-to-Live Inspirational Service,https://www.youtube.com/watch?v=0tBwwYPbmJ0,SRF||||SRF Monastics|How-to-Live|,completed,SRF Monastics
A7NX02ijXRY,“He Bhagavan”: Sankirtan Led by SRF Monks,https://www.youtube.com/watch?v=A7NX02ijXRY,SRF|Hindi||Kirtan|SRF Monks|,completed,SRF Monks
xghFntmsTjQ,“I am castled in God’s presence…” | Brother Chidananda leads an affirmation by Yogananda,https://www.youtube.com/watch?v=xghFntmsTjQ,SRF|English|||Brother Chidananda|Talk|,completed,Brother Chidananda
2DldnYBZPsY,“I Am the Sky” — Devotional Singing of Paramahansa Yogananda’s Cosmic Chant by YSS Monastics,https://www.youtube.com/watch?v=2DldnYBZPsY,YSS||||YSS Monastics|Kirtan|,completed,YSS Monastics
TMaMOBnqD_g,“I Will Be Thine Always” — Devotional Singing of Paramahansa Yogananda’s Cosmic Chant by YSS Monks,https://www.youtube.com/watch?v=TMaMOBnqD_g,YSS||||YSS Monks|Kirtan|,completed,YSS Monks
Jifk7BOrObk,“Introduction to Kriya Yoga Meditation” | International Day of Yoga |2025 | Tamil,https://www.youtube.com/watch?v=Jifk7BOrObk,YSS|Tamil|||YSS Monastics|International Day of Yoga|2025|,completed,YSS Monastics
jMnnQAyq0Tg,“Introduction to Kriya Yoga Meditation” | International Day of Yoga| 2025 | Telugu,https://www.youtube.com/watch?v=jMnnQAyq0Tg,YSS|Telugu|||SRF Monastics|2025 |,completed,SRF Monastics
jrBXmH1Ubhc,“Jai Guru”: Sankirtan Led by SRF Nuns,https://www.youtube.com/watch?v=jrBXmH1Ubhc,SRF|Sanskrit||Kirtan|SRF Nuns|Kirtan|,completed,SRF Nuns
KYKcxkZzHp8,“Kriya Yoga Meditation for a Happy and Successful Life” | World Meditation Day Talk By YSS Sannyasi,https://www.youtube.com/watch?v=KYKcxkZzHp8,YSS||||YSS Monks|,completed,YSS Monks
eFgAGes7unk,“Kriya Yoga: Portal to the Infinite” by Brother Anandamoy,https://www.youtube.com/watch?v=eFgAGes7unk,SRF||||Brother Anandamoy|,completed,Brother Anandamoy
4eWwJmUvtqc,“Light the Lamp of Thy Love”: Sankirtan Led by SRF Monks,https://www.youtube.com/watch?v=4eWwJmUvtqc,SRF|English||Kirtan|SRF Monks||,completed,SRF Monks
ZATgu_A52Ns,“Like the Light From Heaven” — Remembering Life With Paramahansa Yogananda | How-to-Live Talk,https://www.youtube.com/watch?v=ZATgu_A52Ns,SRF||||Brother Anandamoy|How-to-Live|,completed,Brother Anandamoy
aPAKuaISnGA,“My Krishna is Blue” — Devotional Singing of Paramahansa Yogananda’s Cosmic Chant by YSS Monastics,https://www.youtube.com/watch?v=aPAKuaISnGA,YSS||||YSS Monastics|Kirtan|,completed,YSS Monastics
RGEzJoBddJg,“My Life Has Changed Dramatically Since I Started on the Spiritual Path” | SRF,https://www.youtube.com/watch?v=RGEzJoBddJg,SRF||||Unknown|Spiritual Path|,completed,Unknown
EagI2JWoc6Q,“O God Beautiful”: Sankirtan Led by SRF Nuns,https://www.youtube.com/watch?v=EagI2JWoc6Q,SRF|English||Kirtan|SRF Nuns|Kirtan|,completed,SRF Nuns
Af7bsvHoGDw,“Relinquishing the Fruits Of Action” | A Talk in English by YSS Sannyasi Swami Smaranananda Giri,https://www.youtube.com/watch?v=Af7bsvHoGDw,YSS|English|||Swami Smaranananda Giri|Talk|,completed,Swami Smaranananda Giri
S90HpO5hmNw,“Satchidananda Guru”: Sankirtan Led by SRF Nuns,https://www.youtube.com/watch?v=S90HpO5hmNw,SRF|Hindi||Kirtan|Brother Chidananda|Kirtan|,completed,Brother Chidananda
jYI3M4jHz6c,“Solving the Mystery of Life” — A New Book by Yogananda,https://www.youtube.com/watch?v=jYI3M4jHz6c,SRF|English|||Paramahansa Yogananda|Talk|,completed,Paramahansa Yogananda
fB0mm0Br4TY,“Sri Guru Sharanam”: Sankirtan Led by SRF Nuns,https://www.youtube.com/watch?v=fB0mm0Br4TY,SRF|Hindi||Kirtan|SRF Nuns|Kirtan|,completed,SRF Nuns
JKOnakggcV4,“Sundara Laalaa” by Brahmacharini Mirabai,https://www.youtube.com/watch?v=JKOnakggcV4,SRF||||Kirtan|Brahmacharini Mirabai,,
Sh9yejNuxcE,“The Importance of a True Guru” by Brother Anandamoy,https://www.youtube.com/watch?v=Sh9yejNuxcE,SRF||||Brother Anandamoy|,,
xJ-bPKaOFI0,“There Is No Death” | Talk with Guided Meditation,https://www.youtube.com/watch?v=xJ-bPKaOFI0,SRF|||| Guided Meditation|,,
RsuS2shJvDU,“Thousands of Suns”: Sankirtan Led by SRF Nuns,https://www.youtube.com/watch?v=RsuS2shJvDU,SRF|English||Kirtan|Kirtan|,,
AguKzY-4CGU,“Unravelling the Mystery of Life and Death” | A Talk in Hindi (Part I) by Swami Ishwarananda Giri,https://www.youtube.com/watch?v=AguKzY-4CGU,YSS|Hindi|||Swami Ishwarananda Giri|,,
UrNz_KScfoc,"“Will That Day Come to Me, Mother?”: Sankirtan Led by SRF Nuns",https://www.youtube.com/watch?v=UrNz_KScfoc,SRF|English||Kirtan|Kirtan|,,
j0oYz1Ip4Ho,2019 SRF Summer Day Program,https://www.youtube.com/watch?v=j0oYz1Ip4Ho,SRF||||2019 |Summer|,,
GwnpZtOGhyI,2021 New Year’s Eve Meditation | Self-Realization Fellowship,https://www.youtube.com/watch?v=GwnpZtOGhyI,SRF|||| Self-Realization Fellowship|,,
ztEL8sqdpu0,2025 Christmas Open House From the SRF Mother Center,https://www.youtube.com/watch?v=ztEL8sqdpu0,SRF||||2025| Christmas|,,
X3kJr5B4fLE,3-Hour Meditation With Kirtan Led by SRF Monks Kirtan Group | 2023 Convocation,https://www.youtube.com/watch?v=X3kJr5B4fLE,SRF|English||Kirtan| 2023 |Convocation|,,
rHCBtC54AHU,3-Hour Meditation With Kirtan Led by SRF Nuns Kirtan Group | 2023 Convocation,https://www.youtube.com/watch?v=rHCBtC54AHU,SRF|English||Kirtan| 2023 |Convocation|,,
bfm-tNWlnrk,90-minute Kirtan | SRF Monks Kirtan Group | 2021 SRF World Convocation,https://www.youtube.com/watch?v=bfm-tNWlnrk,SRF|English||Kirtan| SRF Monks|,,
_7yyYEUds4o,90-Minute Kirtan and Meditation Led by YSS Monks’ Kirtan Group | 2024 Convocation,https://www.youtube.com/watch?v=_7yyYEUds4o,SRF|Hindi||Kirtan| 2024 |Convocation|,,
zOU35-8Abv0,90-Minute Kirtan Led by SRF Monks Kirtan Group | 2023 Convocation,https://www.youtube.com/watch?v=zOU35-8Abv0,SRF|English||Kirtan| 2023| Convocation|,,
f3MmON2kx_M,90-Minute Kirtan Led by YSS Monks Kirtan Group | 2023 Convocation,https://www.youtube.com/watch?v=f3MmON2kx_M,SRF|Hindi||Kirtan| 2023 |Convocation|,,
9_TxV8hZddg,A Beginner's Meditation,https://www.youtube.com/watch?v=9_TxV8hZddg,SRF||||Guided Meditaion|,,
hZQxdah-_qc,A Beginner's Meditation,https://www.youtube.com/watch?v=hZQxdah-_qc,YSS||||Guided Meditaion|,,
B7pimil_1E4,A Blessing From Mahavatar Babaji | Sri Daya Mata,https://www.youtube.com/watch?v=B7pimil_1E4,SRF|||| Sri Daya Mata|,,
Uz3_LpRdLF0,A Heart Aflame — Developing a Loving Relationship With God | Sri Daya Mata,https://www.youtube.com/watch?v=Uz3_LpRdLF0,SRF|||| Sri Daya Mata|,,
4ltqK1A6kTA,A Joy That Increases With the Years | Give Me Thy Heart: The Life of SRF Nuns in Yogananda’s Ashrams,https://www.youtube.com/watch?v=4ltqK1A6kTA,SRF|||||,,
0MytX8wcyWg,A Meditation Led by Brother Chidananda | A Message of Spiritual Assurance,https://www.youtube.com/watch?v=0MytX8wcyWg,SRF||||Brother Anandamoy|,,
FP-dNd1xTcs,A Pranayama Technique Given by Paramahansa Yogananda for Controlling Emotions | Brother Chidananda,https://www.youtube.com/watch?v=FP-dNd1xTcs,SRF|||| Brother Chidananda|,,
bW3hyJWpuRE,A Promise of Light | Sri Daya Mata,https://www.youtube.com/watch?v=bW3hyJWpuRE,SRF|||| Sri Daya Mata|,,
UNKYdnxFCF8,A Promising Vision for the Future: Yogananda’s “Aims and Ideals”,https://www.youtube.com/watch?v=UNKYdnxFCF8,SRF||||Aims and Ideals|,,
ka99FIIyBfI,A Spirit of Renewal and Joy | How-to-Live Talk with Guided Meditation,https://www.youtube.com/watch?v=ka99FIIyBfI,SRF|||| How-to-Live|,,
eLZiwmPQAqA,A Spiritual Approach to Family Life | How-to-Live Talk,https://www.youtube.com/watch?v=eLZiwmPQAqA,SRF|||| How-to-Live|,,
qmI3p6LlSAQ,A Spiritual Approach to World Peace | How-to-Live Talk With Meditation,https://www.youtube.com/watch?v=qmI3p6LlSAQ,SRF|||| How-to-Live|,,
UzHb7A0WSrE,A True Guru Guides Us From Experience | Sri Daya Mata,https://www.youtube.com/watch?v=UzHb7A0WSrE,SRF|||| Sri Daya Mata|,,
Qhce8SDz6I8,A World in Transition | How-to-Live Inspirational Talk | Brother Anandamoy,https://www.youtube.com/watch?v=Qhce8SDz6I8,SRF|||| Brother Anandamoy|,,
C1TeVqu0v6Q,Achieving Spiritual and Material Success | How-to-Live Inspirational Talk,https://www.youtube.com/watch?v=C1TeVqu0v6Q,SRF|||| How-to-Live|,,
YfeCVRqwa9Q,Achieving Your Material and Spiritual Goals | Brother Chidananda,https://www.youtube.com/watch?v=YfeCVRqwa9Q,SRF|||| Brother Chidananda|,,
t3zhoEjnodU,Activate the Divine Law for Progress | “Solving the Mystery of Life” by Paramahansa Yogananda,https://www.youtube.com/watch?v=t3zhoEjnodU,SRF|||| Solving the Mystery of Life|,,
XzjJqCabqgA,All Are Welcome | SRF 2023 World Convocation,https://www.youtube.com/watch?v=XzjJqCabqgA,SRF|||| 2023 |Convocation|,,
Tuk19b8Zflk,Anchor Yourself in God | How-to-Live Talk With Meditation,https://www.youtube.com/watch?v=Tuk19b8Zflk,SRF|||| How-to-Live|,,
9qwYncFCr6Y,Are We Letting Life’s Circumstances Control Us? | How-to-Live Inspirational Service,https://www.youtube.com/watch?v=9qwYncFCr6Y,SRF|||| How-to-Live|,,
H0N5H03P6vE,Attunement With the Christ Consciousness | How-to-Live Talk With Meditation,https://www.youtube.com/watch?v=H0N5H03P6vE,SRF|||| How-to-Live|,,
Fynaa_dTOqM,Attuning Our Lives to the Love of God | Brother Chidananda,https://www.youtube.com/watch?v=Fynaa_dTOqM,SRF|||| Brother Chidananda|,,
QnIMMaYGIf4,Attuning Our Lives With God’s Plan | Brother Chidananda,https://www.youtube.com/watch?v=QnIMMaYGIf4,SRF|||| Brother Chidananda|,,
x94uynW1tXY,"Autobiografía de un yogui, de Paramahansa Yogananda, leído por Rafael Álvarez El Brujo",https://www.youtube.com/watch?v=x94uynW1tXY,SRF||Autobiography of a Yogi |||,,
ii6gX29XZn4,Autobiografia di uno Yogi letta da Norman Mozzato,https://www.youtube.com/watch?v=ii6gX29XZn4,SRF||Autobiography of a Yogi |||,,
Wgy3cJ9ptRc,Autobiographie eines Yogi gelesen von  Robert Atzorn,https://www.youtube.com/watch?v=Wgy3cJ9ptRc,SRF||Autobiography of a Yogi |||,,
Yca6v_XHIkM,Autobiography of a Yogi (Bengali) Audiobook - Introduction | ভূমিকা | পরমহংস যোগানন্দ | যোগী-কথামৃত,https://www.youtube.com/watch?v=Yca6v_XHIkM,YSS|Bengali|Autobiography of a Yogi |||,,
UgSkPKNAM9g,Autobiography of a Yogi (Hindi) Audiobook - Introduction | परिचय | योगी कथामृत | परमहंस योगानन्द,https://www.youtube.com/watch?v=UgSkPKNAM9g,YSS|Hindi|Autobiography of a Yogi |||,,
kdF71qiymF8,Autobiography of a Yogi (Kannada) Audiobook - Introduction | ಪೀಠಿಕೆ | ಪರಮಹಂಸ ಯೋಗಾನಂದ | ಯೋಗಿಯ ಆತ್ಮಕಥೆ,https://www.youtube.com/watch?v=kdF71qiymF8,YSS|Kannada|Autobiography of a Yogi |||,,
jsoYedgRYGw,Autobiography of a Yogi (Malayalam) | അവതാരിക | പരമഹംസ യോഗാനന്ദൻ | ഒരു യോഗിയുടെ ആത്മകഥ,https://www.youtube.com/watch?v=jsoYedgRYGw,YSS|Malayalam|Autobiography of a Yogi |||,,
4i6axfxBSNY,Autobiography of a Yogi (Malayalam) | ഉപസംഹാരം | പരമഹംസ യോഗാനന്ദൻ | ഒരു യോഗിയുടെ ആത്മകഥ,https://www.youtube.com/watch?v=4i6axfxBSNY,YSS|Malayalam|Autobiography of a Yogi |||,,
w_COWNMHEx0,Autobiography of a Yogi (Nepali) | उपसंहार | परमहंस योगानन्द | योगीको आत्मकथा,https://www.youtube.com/watch?v=w_COWNMHEx0,YSS|Nepali|Autobiography of a Yogi |||,,
10EVgp4yKH8,Autobiography of a Yogi (Nepali) | प्रस्तावना | परमहंस योगानन्द | योगीको आत्मकथा,https://www.youtube.com/watch?v=10EVgp4yKH8,YSS|Nepali|Autobiography of a Yogi |||,,
S6SYLchhyxY,Autobiography of a Yogi (Tamil)  Audiobook - Introduction | அறிமுகம் | பரமஹம்ஸ யோகானந்தர்,https://www.youtube.com/watch?v=S6SYLchhyxY,YSS|Tamil|Autobiography of a Yogi |||,,
KvuSVRasA1w,Autobiography of a Yogi (Telugu) Audiobook - Introduction | పరిచయం | పరమహంస యోగానంద | ఒక యోగి ఆత్మకథ,https://www.youtube.com/watch?v=KvuSVRasA1w,YSS|Telugu|Autobiography of a Yogi |||,,
p6ExDsoA6Zk,Autobiography of a Yogi Read by Academy Award-winner Sir Ben Kingsley,https://www.youtube.com/watch?v=p6ExDsoA6Zk,SRF||Autobiography of a Yogi |||,,
IT31uJA05KU,Autobiography of a Yogi(Gujarati) | ઉપસંહાર | પરમહંસ યોગાનંદ  | યોગી કથામૃત,https://www.youtube.com/watch?v=IT31uJA05KU,YSS|Gujarati|Autobiography of a Yogi |||,,
17ZGqn1InDI,Autobiography of a Yogi(Gujarati) | પરિચય | પરમહંસ યોગાનંદ  | યોગી કથામૃત,https://www.youtube.com/watch?v=17ZGqn1InDI,YSS|Gujarati|Autobiography of a Yogi |||,,
V41OZc7zLxs,AWAKE: The Life of Yogananda - Theatrical Trailer,https://www.youtube.com/watch?v=V41OZc7zLxs,SRF|||||,,
YTTHtRNjVq8,Awakening Divine Memory | How-to-Live Talk With Meditation,https://www.youtube.com/watch?v=YTTHtRNjVq8,SRF|||| How-to-Live|,,
N2l6GE_NKDs,Awakening Divine Qualities Through Kriya Yoga Meditation | Brother Chidananda,https://www.youtube.com/watch?v=N2l6GE_NKDs,SRF|||| Brother Chidananda|,,
JgzGZsxZXbw,Awakening From the Cosmic Dream | How-to-Live Talk With Meditation,https://www.youtube.com/watch?v=JgzGZsxZXbw,SRF|||| How-to-Live|,,
fna7IbLoGJo,Awakening the Spine Through Kriya Yoga | Brother Chidananda,https://www.youtube.com/watch?v=fna7IbLoGJo,SRF|||| Brother Chidananda|,,
W7uwEmeVV8o,Balancing Our Material and Spiritual Lives | How-to-Live Talk With Meditation,https://www.youtube.com/watch?v=W7uwEmeVV8o,SRF|||| How-to-Live|,,
Y_2vL8vs2Ig,Be a Peacemaker | How-to-Live Talk With Meditation,https://www.youtube.com/watch?v=Y_2vL8vs2Ig,SRF|||| How-to-Live|,,
QpDGyxq0GoA,Be Messengers of God’s Light and Love | Sri Mrinalini Mata,https://www.youtube.com/watch?v=QpDGyxq0GoA,SRF|English|Sri Mrinalini Mata|Brother Vimalananda|SRF Monastics|,completed,Sri Mrinalini Mata
OiXMC-HRkq4,Become Fearless – Center Your Life in God | How-to-Live Inspirational Talk,https://www.youtube.com/watch?v=OiXMC-HRkq4,SRF|||| How-to-Live|,,
fhu-WdJoR_0,Becoming Humble Bearers of Light | How-to-Live Inspirational Talk,https://www.youtube.com/watch?v=fhu-WdJoR_0,SRF|||| How-to-Live|,,
yKTSbSrGaKk,Becoming Ideal Citizens of the World | 2025 Convocation,https://www.youtube.com/watch?v=yKTSbSrGaKk,SRF|||| 2025 |Convocation|,,
OjQpBanB1dg,Behind the Physical Cosmos: A World of Light and Energy | How-to-Live Talk With Meditation,https://www.youtube.com/watch?v=OjQpBanB1dg,SRF|||| How-to-Live|,,
aJe0d1Bhugs,Being a Spiritual Seeker in Today’s Complex World | 2021 Convocation,https://www.youtube.com/watch?v=aJe0d1Bhugs,SRF|||| 2021 |Convocation|,,
BYTkcw6uSok,Bringing God Into Our Daily Life | How-to-Live Talk With Meditation,https://www.youtube.com/watch?v=BYTkcw6uSok,SRF|||| How-to-Live|,,
4Wm-YW4KH24,Bringing the Power of Joy Into Our Lives | How-to-Live Inspirational Talk,https://www.youtube.com/watch?v=4Wm-YW4KH24,SRF|||| How-to-Live|,,
eLfDGUiw0y4,Brother Anandamoy Memorial Service,https://www.youtube.com/watch?v=eLfDGUiw0y4,SRF||||Brother Anandamoy|,,
kUzI0W_JW7I,Brother Chidananda Announces New Lay Member Initiative,https://www.youtube.com/watch?v=kUzI0W_JW7I,SRF||||Brother Chidananda|,,
N20enydosZQ,Brother Chidananda Announces New Online Meditation Center,https://www.youtube.com/watch?v=N20enydosZQ,SRF||||Brother Chidananda|,,
RCj1eDzNxDU,"Brother Chidananda Departs for India, October, 2019",https://www.youtube.com/watch?v=RCj1eDzNxDU,SRF||||Brother Chidananda|,,
XFIAvMkUxgA,Building a Spiritual Foundation for the Young Seeker | 2021 Convocation,https://www.youtube.com/watch?v=XFIAvMkUxgA,SRF|||| 2021 |Convocation|,,
AFo10vfew-4,Building Our Relationships on a Spiritual Foundation | How-to-Live Inspirational Talk,https://www.youtube.com/watch?v=AFo10vfew-4,SRF|||| How-to-Live|,,
Hc9ThyHB4oc,Celebrating 100 years of Yogoda Satsanga Society of India (1917-2017),https://www.youtube.com/watch?v=Hc9ThyHB4oc,SRF|||||,,
YQEOhbmHYUw,Celebrating Christmas in the Temple of the Soul | How-to-Live Talk With Meditation,https://www.youtube.com/watch?v=YQEOhbmHYUw,SRF|||| How-to-Live|,,
ic8kM4Rs95U,Ch01 Autobiography of a Yogi (Bengali) | আমার পিতামাতা ও বাল্যজীবন | পরমহংস যোগানন্দ | যোগী-কথামৃত,https://www.youtube.com/watch?v=ic8kM4Rs95U,YSS|Bengali|Autobiography of a Yogi |||,,
y-30ojY3K1g,Ch01 Autobiography of a Yogi (Hindi) | मेरे माता-पिता एवं मेरा बचपन | योगी कथामृत | परमहंस योगानन्द,https://www.youtube.com/watch?v=y-30ojY3K1g,YSS|Hindi|Autobiography of a Yogi |||,,
ava2HkL2z0A,Ch01 Autobiography of a Yogi (Kannada) ತಂದೆ ತಾಯಿಗಳು ಮತ್ತು ನನ್ನ ಬಾಲ್ಯ | ಪರಮಹಂಸ ಯೋಗಾನಂದ |ಯೋಗಿಯ ಆತ್ಮಕಥೆ,https://www.youtube.com/watch?v=ava2HkL2z0A,YSS|Kannada|Autobiography of a Yogi |||,,
tDwi9HiUQxc,Ch01 Autobiography of a Yogi (Malayalam) | എന്റെ മാതാപിതാക്കളും ബാല്യവും | പരമഹംസ യോഗാനന്ദൻ |,https://www.youtube.com/watch?v=tDwi9HiUQxc,YSS|Malayalam|Autobiography of a Yogi |||,,
BVf8E_ESqbQ,Ch01 Autobiography of a Yogi (Tamil) | என்‌ பெற்றோரும்‌ பிள்ளைப்‌ பருவமும் | பரமஹம்ஸ யோகானந்தர்,https://www.youtube.com/watch?v=BVf8E_ESqbQ,YSS|Tamil|Autobiography of a Yogi |||,,
FYFuxITAtGU,Ch01 Autobiography of a Yogi (Telugu) | పరమహంస యోగానంద | ఒక యోగి ఆత్మకథ,https://www.youtube.com/watch?v=FYFuxITAtGU,YSS|Telugu|Autobiography of a Yogi |||,,
p5CUR2vIp1A,Ch01 Autobiography of a Yogi(Gujarati) | મારાં માતાપિતા અને શિશુજીવન | પરમહંસ યોગાનંદ  | યોગી કથામૃત,https://www.youtube.com/watch?v=p5CUR2vIp1A,YSS|Gujarati|Autobiography of a Yogi |||,,
OuBeOiy6Mvo,Ch02 Autobiography of a Yogi (Bengali) | আমার মাতৃবিয়োগ ও মন্ত্রপূত কবচ | পরমহংস যোগানন্দ,https://www.youtube.com/watch?v=OuBeOiy6Mvo,YSS|Bengali|Autobiography of a Yogi |||,,
VJherz1cfqw,Ch02 Autobiography of a Yogi (Hindi) | माँ का देहान्त और अलौकिक तावीज़ | योगी कथामृत परमहंस योगानन्द,https://www.youtube.com/watch?v=VJherz1cfqw,YSS|Hindi|Autobiography of a Yogi |||,,
DiFdSOv6yEA,Ch02 Autobiography of a Yogi (Kannada) ಮಾತೃವಿಯೋಗ ಮತ್ತು ನಿಗೂಢ ತಾಯಿತಿ | ಪರಮಹಂಸ ಯೋಗಾನಂದ | ಯೋಗಿಯ ಆತ್ಮಕಥೆ,https://www.youtube.com/watch?v=DiFdSOv6yEA,YSS|Kannada|Autobiography of a Yogi |||,,
sQC7p319iq0,Ch02 Autobiography of a Yogi (Malayalam) | അമ്മയുടെ മരണവും രഹസ്യാത്മകമായ ഏലസ്സും | പരമഹംസ യോഗാനന്ദൻ,https://www.youtube.com/watch?v=sQC7p319iq0,YSS|Malayalam|Autobiography of a Yogi |||,,
1keCqlDbgKI,Ch02 Autobiography of a Yogi (Nepali) | आमाको स्वर्गवास र रहस्यमय जन्तर | परमहंस योगानन्द |,https://www.youtube.com/watch?v=1keCqlDbgKI,YSS|Nepali|Autobiography of a Yogi |||,,
5cC3Sbpu8is,Ch02 Autobiography of a Yogi (Tamil) | என்‌ அன்னையின்‌ மறைவும்‌ மாயத்‌ தாயத்தும் |பரமஹம்ஸ யோகானந்தர்,https://www.youtube.com/watch?v=5cC3Sbpu8is,YSS|Tamil|Autobiography of a Yogi |||,,
mK5Eft06ZQg,Ch02 Autobiography of a Yogi (Telugu) | పరమహంస యోగానంద | ఒక యోగి ఆత్మకథ,https://www.youtube.com/watch?v=mK5Eft06ZQg,YSS|Telugu|Autobiography of a Yogi |||,,
PjwB94pqdnU,Ch02 Autobiography of a Yogi(Gujarati) | મારી માતાનું મૃત્યુ અને અલૌકિક માદળિયું |,https://www.youtube.com/watch?v=PjwB94pqdnU,YSS|Gujarati|Autobiography of a Yogi |||,,
lTTDq_UOvqk,Ch03 Autobiography of a Yogi (Bengali) | দুই দেহধারী সাধু ( স্বামী প্রণবানন্দ ) | পরমহংস যোগানন্দ,https://www.youtube.com/watch?v=lTTDq_UOvqk,YSS|Bengali|Autobiography of a Yogi |||,,
AgVS4wjfW10,Ch03 Autobiography of a Yogi (Hindi) | द्विशरीरी संत | योगी कथामृत | परमहंस योगानन्द,https://www.youtube.com/watch?v=AgVS4wjfW10,YSS|Hindi|Autobiography of a Yogi |||,,
bFSPaWjlGxE,Ch03 Autobiography of a Yogi (Kannada) | ಎರಡು ದೇಹದ ಸಂತ | ಪರಮಹಂಸ ಯೋಗಾನಂದ | ಯೋಗಿಯ ಆತ್ಮಕಥೆ,https://www.youtube.com/watch?v=bFSPaWjlGxE,YSS|Kannada|Autobiography of a Yogi |||,,
7UwuA4h2gzs,Ch03 Autobiography of a Yogi (Malayalam) | രണ്ടു ശരീരങ്ങളോടുകൂടിയ പുണ്യാത്മാവ് | പരമഹംസ യോഗാനന്ദൻ |,https://www.youtube.com/watch?v=7UwuA4h2gzs,YSS|Malayalam|Autobiography of a Yogi |||,,
GXJ6p8GgqFs,Ch03 Autobiography of a Yogi (Tamil) | ஈருடல்‌ கொண்ட மகான்‌ (ஸ்வாமி பிரணவானந்தர்) பரமஹம்ஸ யோகானந்தர்,https://www.youtube.com/watch?v=GXJ6p8GgqFs,YSS|Tamil|Autobiography of a Yogi |||,,
8AI2cDNEiLk,Ch03 Autobiography of a Yogi (Telugu) | రెండు శరీరాలున్న సాధువు | పరమహంస యోగానంద | ఒక యోగి ఆత్మకథ,https://www.youtube.com/watch?v=8AI2cDNEiLk,YSS|Telugu|Autobiography of a Yogi |||,,
Sql73qhp1ZE,Ch03 Autobiography of a Yogi(Gujarati)|બે કાયાધારી સંત(સ્વામી પ્રણવાનંદ)|પરમહંસ યોગાનંદ |યોગી કથામૃત,https://www.youtube.com/watch?v=Sql73qhp1ZE,YSS|Gujarati|Autobiography of a Yogi |||,,
Mmow217Bi0g,Ch04 Autobiography of a Yogi (Bengali) | আমার হিমালয় পলায়ণে বাধা | পরমহংস যোগানন্দ | যোগী-কথামৃত,https://www.youtube.com/watch?v=Mmow217Bi0g,YSS|Bengali|Autobiography of a Yogi |||,,
n0gak3-sDl4,Ch04 Autobiography of a Yogi (Hindi) | हिमालय की ओर मेरे पलायन में बाधा | योगी कथामृत,https://www.youtube.com/watch?v=n0gak3-sDl4,YSS|Hindi|Autobiography of a Yogi |||,,
XZVgIGUhDZM,Ch04 Autobiography of a Yogi (Kannada)| ನನ್ನ ಹಿಮಾಲಯ ಪಲಾಯನಕ್ಕೆ ಅಡ್ಡಿ | ಪರಮಹಂಸ ಯೋಗಾನಂದ | ಯೋಗಿಯ ಆತ್ಮಕಥೆ,https://www.youtube.com/watch?v=XZVgIGUhDZM,YSS|Kannada|Autobiography of a Yogi |||,,
vdrimGvGR_k,Ch04 Autobiography of a Yogi (Malayalam) | തടസ്സപ്പെട്ട എന്റെ ഹിമാലയപലായനം | പരമഹംസ യോഗാനന്ദൻ |,https://www.youtube.com/watch?v=vdrimGvGR_k,YSS|Malayalam|Autobiography of a Yogi |||,,
a8dNPDSrnGg,Ch04 Autobiography of a Yogi (Tamil) | என்‌ தடைப்பட்ட இமயப்‌ பயணம் | பரமஹம்ஸ யோகானந்தர்,https://www.youtube.com/watch?v=a8dNPDSrnGg,YSS|Tamil|Autobiography of a Yogi |||,,
tcr1BS6Zy-s,Ch04 Autobiography of a Yogi (Telugu)| హిమాలయాలకు పారిపోతుంటే ఆటంకం | పరమహంస యోగానంద |ఒక యోగి ఆత్మకథ,https://www.youtube.com/watch?v=tcr1BS6Zy-s,YSS|Telugu|Autobiography of a Yogi |||,,
Xc13segKqQk,Ch04 Autobiography of a Yogi(Gujarati) | હિમાલય તરફના મારા પલાયનમાં બાધા |,https://www.youtube.com/watch?v=Xc13segKqQk,YSS|Gujarati|Autobiography of a Yogi |||,,
bNGMRHr7n7Y,Ch05 Autobiography of a Yogi (Bengali) | ‘গন্ধবাবা’র অলৌকিক ঘটনা প্রদর্শন | পরমহংস যোগানন্দ,https://www.youtube.com/watch?v=bNGMRHr7n7Y,YSS|Bengali|Autobiography of a Yogi |||,,
v7P6z6ZTG40,Ch05 Autobiography of a Yogi (Hindi) | गंधबाबा के चमत्कारी प्रदर्शन | योगी कथामृत | परमहंस योगानन्द,https://www.youtube.com/watch?v=v7P6z6ZTG40,YSS|Hindi|Autobiography of a Yogi |||,,
nYdu-nIvhSI,Ch05 Autobiography of a Yogi (Kannada) ಗಂಧಭಾಬಾರ ಅಲೌಕಿಕ ಘಟನಾ ಪ್ರದರ್ಶನ | ಪರಮಹಂಸ ಯೋಗಾನಂದ| ಯೋಗಿಯ ಆತ್ಮಕಥೆ,https://www.youtube.com/watch?v=nYdu-nIvhSI,YSS|Kannada|Autobiography of a Yogi |||,,
GCDWzIfdbL8,Ch05 Autobiography of a Yogi (Malayalam) | “ഗന്ധബാബ” സിദ്ധികൾ കാട്ടുന്നു | പരമഹംസ യോഗാനന്ദൻ |,https://www.youtube.com/watch?v=GCDWzIfdbL8,YSS|Malayalam|Autobiography of a Yogi |||,,
SW7HGVla7AE,Ch05 Autobiography of a Yogi (Nepali) | एक जना ‘अत्तरे महात्मा’ को चमत्कार | परमहंस योगानन्द |,https://www.youtube.com/watch?v=SW7HGVla7AE,YSS|Nepali|Autobiography of a Yogi |||,,
sjsJmZoIwlY,Ch05 Autobiography of a Yogi (Tamil) | ஒரு நறுமணச்‌ சித்தர்‌ தன்‌ அற்புதங்களைக்‌ காண்பிக்கிறார்,https://www.youtube.com/watch?v=sjsJmZoIwlY,YSS|Tamil|Autobiography of a Yogi |||,,
VFvRkPBWOaM,Ch05 Autobiography of a Yogi (Telugu) ‘‘గంధబాబా’’ అద్భుతాల ప్రదర్శన | పరమహంస యోగానంద  ఒక యోగి ఆత్మకథ,https://www.youtube.com/watch?v=VFvRkPBWOaM,YSS|Telugu|Autobiography of a Yogi |||,,
Hi5N9AgoNJ4,Ch05 Autobiography of a Yogi(Gujarati) | “સુગંધ સંત” નાં ચમત્કારી પ્રદર્શનો |,https://www.youtube.com/watch?v=Hi5N9AgoNJ4,YSS|Gujarati|Autobiography of a Yogi |||,,
Hz8owh_5HEQ,Ch06 Autobiography of a Yogi (Bengali) | সোহহং স্বামী | পরমহংস যোগানন্দ | যোগী-কথামৃত,https://www.youtube.com/watch?v=Hz8owh_5HEQ,YSS|Bengali|Autobiography of a Yogi |||,,
mpwpCT015lc,Ch06 Autobiography of a Yogi (Hindi) | बाघ स्वामी | योगी कथामृत | परमहंस योगानन्द,https://www.youtube.com/watch?v=mpwpCT015lc,YSS|Hindi|Autobiography of a Yogi |||,,
qmwl9rOdrcc,Ch06 Autobiography of a Yogi (Kannada) | ಹುಲಿಸ್ವಾಮಿ | ಪರಮಹಂಸ ಯೋಗಾನಂದ | ಯೋಗಿಯ ಆತ್ಮಕಥೆ,https://www.youtube.com/watch?v=qmwl9rOdrcc,YSS|Kannada|Autobiography of a Yogi |||,,
XxeLeSQP9a4,Ch06 Autobiography of a Yogi (Malayalam) | കടുവാസ്വാമികൾ | പരമഹംസ യോഗാനന്ദൻ | ഒരു യോഗിയുടെ ആത്മകഥ,https://www.youtube.com/watch?v=XxeLeSQP9a4,YSS|Malayalam|Autobiography of a Yogi |||,,
k45RZWTIsuk,Ch06 Autobiography of a Yogi (Tamil) | புலிச்சாமியார் | பரமஹம்ஸ யோகானந்தர்,https://www.youtube.com/watch?v=k45RZWTIsuk,YSS|Tamil|Autobiography of a Yogi |||,,
iIOQBEaCPto,Ch06 Autobiography of a Yogi (Telugu) | టైగర్ స్వామి | పరమహంస యోగానంద | ఒక యోగి ఆత్మకథ,https://www.youtube.com/watch?v=iIOQBEaCPto,YSS|Telugu|Autobiography of a Yogi |||,,
OjG5Jod2ixU,Ch06 Autobiography of a Yogi(Gujarati) | વાઘસ્વામી | પરમહંસ યોગાનંદ  | યોગી કથામૃત,https://www.youtube.com/watch?v=OjG5Jod2ixU,YSS|Gujarati|Autobiography of a Yogi |||,,
NMOQaeu9D7A,Ch07 Autobiography of a Yogi (Bengali) | লঘিমাসিদ্ধ সাধু ( নগেন্দ্রনাথ ভাদুড়ী ) | পরমহংস যোগানন্দ,https://www.youtube.com/watch?v=NMOQaeu9D7A,YSS|Bengali|Autobiography of a Yogi |||,,
g-_jGhRdW-E,Ch07 Autobiography of a Yogi (Hindi) | प्लवनशील सन्त | योगी कथामृत | परमहंस योगानन्द,https://www.youtube.com/watch?v=g-_jGhRdW-E,YSS|Hindi|Autobiography of a Yogi |||,,
85_5GoiTRtc,Ch07 Autobiography of a Yogi (Kannada) | ಗಾಳಿಯಲ್ಲಿ ತೇಲಾಡುವ ಸಂತ | ಪರಮಹಂಸ ಯೋಗಾನಂದ | ಯೋಗಿಯ ಆತ್ಮಕಥೆ,https://www.youtube.com/watch?v=85_5GoiTRtc,YSS|Kannada|Autobiography of a Yogi |||,,
9ar9ZeqgvQY,Ch07 Autobiography of a Yogi (Malayalam) | ലഘിമാസിദ്ധൻ | പരമഹംസ യോഗാനന്ദൻ | ഒരു യോഗിയുടെ ആത്മകഥ,https://www.youtube.com/watch?v=9ar9ZeqgvQY,YSS|Malayalam|Autobiography of a Yogi |||,,
MmslqIp6Rds,Ch07 Autobiography of a Yogi (Tamil) | அந்தரத்தில்‌ மிதக்கும்‌ மகான்‌ நாகேந்திர நாத்‌ பாதுரி!,https://www.youtube.com/watch?v=MmslqIp6Rds,YSS|Tamil|Autobiography of a Yogi |||,,
BODkqcbEbc8,Ch07 Autobiography of a Yogi (Telugu) | గాలిలో తేలే సాధువు | పరమహంస యోగానంద | ఒక యోగి ఆత్మకథ,https://www.youtube.com/watch?v=BODkqcbEbc8,YSS|Telugu|Autobiography of a Yogi |||,,
0Ln4WPQzbjI,Ch07 Autobiography of a Yogi(Gujarati) | હવામાં તરતા સંત (નાગેન્દ્રનાથ ભાદુરી) |,https://www.youtube.com/watch?v=0Ln4WPQzbjI,YSS|Gujarati|Autobiography of a Yogi |||,,
gcBCv-hqX6M,Ch08 Autobiography of a Yogi (Bengali) | ভারতের মহান বৈজ্ঞানিক —  জগদীশচন্দ্র বসু | পরমহংস যোগানন্দ,https://www.youtube.com/watch?v=gcBCv-hqX6M,YSS|Bengali|Autobiography of a Yogi |||,,
Gqm5WQg_BII,Ch08 Autobiography of a Yogi (Hindi) | भारत के महान् वैज्ञानिक सर जगदीशचन्द्र बोस | योगी कथामृत,https://www.youtube.com/watch?v=Gqm5WQg_BII,YSS|Hindi|Autobiography of a Yogi |||,,
DAQWzG-EkRU,Ch08 Autobiography of a Yogi (Kannada) | ಪರಮಹಂಸ ಯೋಗಾನಂದ | ಯೋಗಿಯ ಆತ್ಮಕಥೆ,https://www.youtube.com/watch?v=DAQWzG-EkRU,YSS|Kannada|Autobiography of a Yogi |||,,
MPP0U3hi_fg,Ch08 Autobiography of a Yogi (Malayalam)|ഭാരതത്തിന്റെ മഹാനായ ശാസ്ത്രജ്ഞൻ ജെ.സി.ബോസ്|പരമഹംസ യോഗാനന്ദൻ,https://www.youtube.com/watch?v=MPP0U3hi_fg,YSS|Malayalam|Autobiography of a Yogi |||,,
wpSc9L_M6T4,Ch08 Autobiography of a Yogi (Nepali) | भारतका महान् वैज्ञानिक जगदीशचन्द्र बोस | परमहंस योगानन्द |,https://www.youtube.com/watch?v=wpSc9L_M6T4,YSS|Nepali|Autobiography of a Yogi |||,,
0BY0GBpHSfU,"Ch08 Autobiography of a Yogi (Tamil) | பாரதத்தின்‌ தலைசிறந்த விஞ்ஞானி, ஜகதீஸ்‌ சந்திரபோஸ்",https://www.youtube.com/watch?v=0BY0GBpHSfU,YSS|Tamil|Autobiography of a Yogi |||,,
WCRco2U60JE,Ch08 Autobiography of a Yogi (Telugu) | పరమహంస యోగానంద | ఒక యోగి ఆత్మకథ,https://www.youtube.com/watch?v=WCRco2U60JE,YSS|Telugu|Autobiography of a Yogi |||,,
CiVH4XsPZBM,Ch08 Autobiography of a Yogi(Gujarati) | ભારતના મહાન વૈજ્ઞાનિક સર જગદીશચંદ્ર બોઝ |,https://www.youtube.com/watch?v=CiVH4XsPZBM,YSS|Gujarati|Autobiography of a Yogi |||,,
tAkGuZAvl1w,Ch09 Autobiography of a Yogi (Bengali) | এক আনন্দময় ভক্ত ও তাঁর ভগবতী প্রেম ( মাস্টার মহাশয় ),https://www.youtube.com/watch?v=tAkGuZAvl1w,YSS|Bengali|Autobiography of a Yogi |||,,
k9DA2_Q9gKg,Ch09 Autobiography of a Yogi (Hindi) | परमानन्दमग्न भक्त और उनकी ईश्वर के साथ प्रेमलीला |योगी कथामृत,https://www.youtube.com/watch?v=k9DA2_Q9gKg,YSS|Hindi|Autobiography of a Yogi |||,,
oYUIpcUEJDM,Ch09 Autobiography of a Yogi (Kannada) | ಪರಮಹಂಸ ಯೋಗಾನಂದ | ಯೋಗಿಯ ಆತ್ಮಕಥೆ,https://www.youtube.com/watch?v=oYUIpcUEJDM,YSS|Kannada|Autobiography of a Yogi |||,,
umKOyQltWL0,Ch09 Autobiography of a Yogi (Malayalam) | ഭക്തപരമാനന്ദനും അദ്ദേഹത്തിന്റെ വിശ്വപ്രണയവും |,https://www.youtube.com/watch?v=umKOyQltWL0,YSS|Malayalam|Autobiography of a Yogi |||,,
UBKDEVM8k08,Ch09 Autobiography of a Yogi (Tamil) | ஆனந்தமயமான பக்தரும்‌ அவரது பிரபஞ்சப்‌ பிரேமையும்‌,https://www.youtube.com/watch?v=UBKDEVM8k08,YSS|Tamil|Autobiography of a Yogi |||,,
Urvsyc4G-YU,Ch09 Autobiography of a Yogi (Telugu) | పరమహంస యోగానంద | ఒక యోగి ఆత్మకథ,https://www.youtube.com/watch?v=Urvsyc4G-YU,YSS|Telugu|Autobiography of a Yogi |||,,
gLy17BVb39A,Ch09 Autobiography of a Yogi(Gujarati) | પરમહંસ યોગાનંદ  | યોગી કથામૃત,https://www.youtube.com/watch?v=gLy17BVb39A,YSS|Gujarati|Autobiography of a Yogi |||,,
b72tbKrbIz8,Ch10 Autobiography of a Yogi (Bengali) | মদীয় গুরুদেব স্বামী শ্রীযুক্তেশ্বরের দর্শনলাভ |যোগী-কথামৃত,https://www.youtube.com/watch?v=b72tbKrbIz8,YSS|Bengali|Autobiography of a Yogi |||,,
ZlT2ekqRJOI,Ch10 Autobiography of a Yogi (Hindi) | अपने गुरु श्रीयुक्तेश्वरजी से मेरी भेंट | योगी कथामृत,https://www.youtube.com/watch?v=ZlT2ekqRJOI,YSS|Hindi|Autobiography of a Yogi |||,,
7UdT32aaySU,Ch10 Autobiography of a Yogi (Kannada) | ಪರಮಹಂಸ ಯೋಗಾನಂದ | ಯೋಗಿಯ ಆತ್ಮಕಥೆ,https://www.youtube.com/watch?v=7UdT32aaySU,YSS|Kannada|Autobiography of a Yogi |||,,
qH0QufoPF60,Ch10 Autobiography of a Yogi (Malayalam) | ഞാൻ എന്റെ ഗുരുദേവൻ ശ്രീയുക്തേശ്വരനെ കണ്ടുമുട്ടുന്നു |,https://www.youtube.com/watch?v=qH0QufoPF60,YSS|Malayalam|Autobiography of a Yogi |||,,
dFx8JeiDvFU,Ch10 Autobiography of a Yogi (Nepali) | मेरो गुरु श्रीयुक्तेश्वरसँग भेट | परमहंस योगानन्द |,https://www.youtube.com/watch?v=dFx8JeiDvFU,YSS|Nepali|Autobiography of a Yogi |||,,
VMQOjbRDV_E,"Ch10 Autobiography of a Yogi (Tamil) | நான்‌ என்‌ குரு, ஸ்ரீ யுக்தேஸ்வரைச்‌ சந்திக்கிறேன்",https://www.youtube.com/watch?v=VMQOjbRDV_E,YSS|Tamil|Autobiography of a Yogi |||,,
v99NCLmOr0c,Ch10 Autobiography of a Yogi (Telugu) | పరమహంస యోగానంద | ఒక యోగి ఆత్మకథ,https://www.youtube.com/watch?v=v99NCLmOr0c,YSS|Telugu|Autobiography of a Yogi |||,,
4hGfYAuEY2A,Ch10 Autobiography of a Yogi(Gujarati) | મારા ગુરુ શ્રી યુક્તેશ્વરજી સાથે મિલન |,https://www.youtube.com/watch?v=4hGfYAuEY2A,YSS|Gujarati|Autobiography of a Yogi |||,,
6D1b_V3kYJg,Ch11 Autobiography of a Yogi (Bengali) | বৃন্দাবনে দুই কপর্দকহীন বালক | পরমহংস যোগানন্দ |যোগী-কথামৃত,https://www.youtube.com/watch?v=6D1b_V3kYJg,YSS|Bengali|Autobiography of a Yogi |||,,
dEHjud6QEdU,Ch11 Autobiography of a Yogi (Hindi) | दो अकिंचन बालक वृन्दावन में | योगी कथामृत | परमहंस योगानन्द,https://www.youtube.com/watch?v=dEHjud6QEdU,YSS|Hindi|Autobiography of a Yogi |||,,
l5hQvDuBQEA,Ch11 Autobiography of a Yogi (Kannada) | ಪರಮಹಂಸ ಯೋಗಾನಂದ | ಯೋಗಿಯ ಆತ್ಮಕಥೆ,https://www.youtube.com/watch?v=l5hQvDuBQEA,YSS|Kannada|Autobiography of a Yogi |||,,
DGnpH9JlHRI,Ch11 Autobiography of a Yogi (Malayalam) | പൈസയില്ലാതെ രണ്ടുകുട്ടികൾ വൃന്ദാവനത്തിൽ |പരമഹംസ യോഗാനന്ദൻ,https://www.youtube.com/watch?v=DGnpH9JlHRI,YSS|Malayalam|Autobiography of a Yogi |||,,
E6f7xtojtUE,Ch11 Autobiography of a Yogi (Nepali) | दुई बेखर्ची युवकहरू वृन्दावनमा | परमहंस योगानन्द |,https://www.youtube.com/watch?v=E6f7xtojtUE,YSS|Nepali|Autobiography of a Yogi |||,,
uHfBbHUeji4,Ch11 Autobiography of a Yogi (Tamil) | பிருந்தாவனில்‌ காசில்லாத இரு சிறுவர்கள் | பரமஹம்ஸ யோகானந்தர்,https://www.youtube.com/watch?v=uHfBbHUeji4,YSS|Tamil|Autobiography of a Yogi |||,,
QRO2YBTEnow,Ch11 Autobiography of a Yogi (Telugu) | పరమహంస యోగానంద | ఒక యోగి ఆత్మకథ,https://www.youtube.com/watch?v=QRO2YBTEnow,YSS|Telugu|Autobiography of a Yogi |||,,
M4KYBlsMcjk,Ch11 Autobiography of a Yogi(Gujarati) | બે કિશોરોએ વગર પૈસે કરેલી વૃંદાવનની મુસાફરી |,https://www.youtube.com/watch?v=M4KYBlsMcjk,YSS|Gujarati|Autobiography of a Yogi |||,,
Fnlq8Unv6dM,Ch12 Autobiography of a Yogi (Bengali) | আমার গুরুর আশ্রমে কয়েকবছর | পরমহংস যোগানন্দ | যোগী-কথামৃত,https://www.youtube.com/watch?v=Fnlq8Unv6dM,YSS|Bengali|Autobiography of a Yogi |||,,
VDmgJvGmmRc,Ch12 Autobiography of a Yogi (Hindi) | अपने गुरु के आश्रम की कालावधि | योगी कथामृत | परमहंस योगानन्द,https://www.youtube.com/watch?v=VDmgJvGmmRc,YSS|Hindi|Autobiography of a Yogi |||,,
mXnTi6Ee8zE,Ch12 Autobiography of a Yogi (Kannada) | ಪರಮಹಂಸ ಯೋಗಾನಂದ | ಯೋಗಿಯ ಆತ್ಮಕಥೆ,https://www.youtube.com/watch?v=mXnTi6Ee8zE,YSS|Kannada|Autobiography of a Yogi |||,,
zZcO5ju10FA,Ch12 Autobiography of a Yogi (Malayalam) | എന്റെ ഗുരുവിന്റെ ആശ്രമത്തിലെ വർഷങ്ങൾ | പരമഹംസ യോഗാനന്ദൻ |,https://www.youtube.com/watch?v=zZcO5ju10FA,YSS|Malayalam|Autobiography of a Yogi |||,,
QMvMqgmJV0E,Ch12 Autobiography of a Yogi (Nepali) | गुरुको आश्रममा केही वर्ष | परमहंस योगानन्द | योगीको आत्मकथा,https://www.youtube.com/watch?v=QMvMqgmJV0E,YSS|Nepali|Autobiography of a Yogi |||,,
tXfUuuZOKCE,Ch12 Autobiography of a Yogi (Tamil) | என்‌ குருவின்‌ ஆசிரமத்தில்‌ கழித்த வருடங்கள்,https://www.youtube.com/watch?v=tXfUuuZOKCE,YSS|Tamil|Autobiography of a Yogi |||,,
7lhMnW1e0MQ,Ch12 Autobiography of a Yogi (Telugu) | పరమహంస యోగానంద | ఒక యోగి ఆత్మకథ,https://www.youtube.com/watch?v=7lhMnW1e0MQ,YSS|Telugu|Autobiography of a Yogi |||,,
574sNzG7UGs,Ch12 Autobiography of a Yogi(Gujarati) | મારા ગુરુના આશ્રમમાં વીતાવેલાં વર્ષો |,https://www.youtube.com/watch?v=574sNzG7UGs,YSS|Gujarati|Autobiography of a Yogi |||,,
P10tT0etn60,Ch13 Autobiography of a Yogi (Bengali) | বিনিদ্র সাধু ( রামগোপাল মজুমদার ) | পরমহংস যোগানন্দ,https://www.youtube.com/watch?v=P10tT0etn60,YSS|Bengali|Autobiography of a Yogi |||,,
f2LK2zI33yY,Ch13 Autobiography of a Yogi (Hindi) | विनिद्र संत | योगी कथामृत | परमहंस योगानन्द,https://www.youtube.com/watch?v=f2LK2zI33yY,YSS|Hindi|Autobiography of a Yogi |||,,
CSzcFeSYpdQ,Ch13 Autobiography of a Yogi (Kannada) | ನಿದ್ರಿಸದ ಸಂತ | ಪರಮಹಂಸ ಯೋಗಾನಂದ | ಯೋಗಿಯ ಆತ್ಮಕಥೆ,https://www.youtube.com/watch?v=CSzcFeSYpdQ,YSS|Kannada|Autobiography of a Yogi |||,,
6x6T6AaQh7Y,Ch13 Autobiography of a Yogi (Malayalam) | ഉറങ്ങാത്ത പുണ്യാത്മാവ് | പരമഹംസ യോഗാനന്ദൻ |,https://www.youtube.com/watch?v=6x6T6AaQh7Y,YSS|Malayalam|Autobiography of a Yogi |||,,
MkIbP-8hwtU,Ch13 Autobiography of a Yogi (Nepali) | निद्राहीन सन्त | परमहंस योगानन्द | योगीको आत्मकथा,https://www.youtube.com/watch?v=MkIbP-8hwtU,YSS|Nepali|Autobiography of a Yogi |||,,
DQrGIOQ6tls,Ch13 Autobiography of a Yogi (Tamil) | தூக்கமற்ற மகான்‌ (ராம்‌ கோபால்‌ மஜும்தார்) பரமஹம்ஸ யோகானந்தர்,https://www.youtube.com/watch?v=DQrGIOQ6tls,YSS|Tamil|Autobiography of a Yogi |||,,
QnYQJs18lb0,Ch13 Autobiography of a Yogi (Telugu) | నిద్రపోని సాధువు | పరమహంస యోగానంద | ఒక యోగి ఆత్మకథ,https://www.youtube.com/watch?v=QnYQJs18lb0,YSS|Telugu|Autobiography of a Yogi |||,,
CZoj6fn_fCo,Ch13 Autobiography of a Yogi(Gujarati) | નિદ્રાવિહીન સંત (રામગોપાલ મજુમદાર),https://www.youtube.com/watch?v=CZoj6fn_fCo,YSS|Gujarati|Autobiography of a Yogi |||,,
px1nfZ02WGk,Ch14 Autobiography of a Yogi (Bengali) | সমাধির অনুভূতি | পরমহংস যোগানন্দ | যোগী-কথামৃত,https://www.youtube.com/watch?v=px1nfZ02WGk,YSS|Bengali|Autobiography of a Yogi |||,,
M1ODi9I2ULk,Ch14 Autobiography of a Yogi (Hindi) | समाधि—लाभ | योगी कथामृत | परमहंस योगानन्द,https://www.youtube.com/watch?v=M1ODi9I2ULk,YSS|Hindi|Autobiography of a Yogi |||,,
CpUr5caOEYs,Ch14 Autobiography of a Yogi (Kannada) | ಪರಮಹಂಸ ಯೋಗಾನಂದ | ಯೋಗಿಯ ಆತ್ಮಕಥೆ,https://www.youtube.com/watch?v=CpUr5caOEYs,YSS|Kannada|Autobiography of a Yogi |||,,
SaXbYL55cBE,Ch14 Autobiography of a Yogi (Malayalam) | സമാധിലാഭം | പരമഹംസ യോഗാനന്ദൻ | ഒരു യോഗിയുടെ ആത്മകഥ,https://www.youtube.com/watch?v=SaXbYL55cBE,YSS|Malayalam|Autobiography of a Yogi |||,,
ad7lBKndwYk,Ch14 Autobiography of a Yogi (Nepali) | ब्राह्मचैतन्यको अनुभव | परमहंस योगानन्द | योगीको आत्मकथा,https://www.youtube.com/watch?v=ad7lBKndwYk,YSS|Nepali|Autobiography of a Yogi |||,,
D3a5vG5D92o,Ch14 Autobiography of a Yogi (Tamil) | பேரண்ட உணர்வின்‌ ஓர்‌ அனுபவம் | பரமஹம்ஸ யோகானந்தர்,https://www.youtube.com/watch?v=D3a5vG5D92o,YSS|Tamil|Autobiography of a Yogi |||,,
Srcm4TBZuzE,Ch14 Autobiography of a Yogi (Telugu) | విశ్వచేతనానుభవం | పరమహంస యోగానంద | ఒక యోగి ఆత్మకథ,https://www.youtube.com/watch?v=Srcm4TBZuzE,YSS|Telugu|Autobiography of a Yogi |||,,
rl3yUCSVEUc,Ch14 Autobiography of a Yogi(Gujarati) | વિશ્વચૈતન્યનો અનુભવ | પરમહંસ યોગાનંદ  | યોગી કથામૃત,https://www.youtube.com/watch?v=rl3yUCSVEUc,YSS|Gujarati|Autobiography of a Yogi |||,,
vj_hr2_CquQ,Ch15 Autobiography of a Yogi (Bengali) | ফুলকপি চুরি | পরমহংস যোগানন্দ | যোগী-কথামৃত,https://www.youtube.com/watch?v=vj_hr2_CquQ,YSS|Bengali|Autobiography of a Yogi |||,,
9QckfH1PKR8,Ch15 Autobiography of a Yogi (Hindi) | फूलगोभी की चोरी | योगी कथामृत | परमहंस योगानन्द,https://www.youtube.com/watch?v=9QckfH1PKR8,YSS|Hindi|Autobiography of a Yogi |||,,
lASyyiP6qMg,Ch15 Autobiography of a Yogi (Kannada) | ಹೂವುಕೋಸಿನ ಕಳವು | ಪರಮಹಂಸ ಯೋಗಾನಂದ | ಯೋಗಿಯ ಆತ್ಮಕಥೆ,https://www.youtube.com/watch?v=lASyyiP6qMg,YSS|Kannada|Autobiography of a Yogi |||,,
LcVDDaqDezc,Ch15 Autobiography of a Yogi (Malayalam) | കോളിഫ്ളവർ മോഷണം | പരമഹംസ യോഗാനന്ദൻ | ഒരു യോഗിയുടെ ആത്മകഥ,https://www.youtube.com/watch?v=LcVDDaqDezc,YSS|Malayalam|Autobiography of a Yogi |||,,
#NAME?,Ch15 Autobiography of a Yogi (Nepali) | फूलकोपीको चोरी | परमहंस योगानन्द | योगीको आत्मकथा,https://www.youtube.com/watch?v=-Elf7xFRltc,YSS|Nepali|Autobiography of a Yogi |||,,
IJxCZkQnrT0,Ch15 Autobiography of a Yogi (Tamil) | காலிஃபிளவர்‌ திருட்டு | பரமஹம்ஸ யோகானந்தர்,https://www.youtube.com/watch?v=IJxCZkQnrT0,YSS|Tamil|Autobiography of a Yogi |||,,
qtfmMReY43s,Ch15 Autobiography of a Yogi (Telugu) | గోబిపువ్వు దొంగతనం | పరమహంస యోగానంద | ఒక యోగి ఆత్మకథ,https://www.youtube.com/watch?v=qtfmMReY43s,YSS|Telugu|Autobiography of a Yogi |||,,
HH4peaM2uLo,Ch15 Autobiography of a Yogi(Gujarati) | કૉલી ફલાવરની ચોરી | પરમહંસ યોગાનંદ  | યોગી કથામૃત,https://www.youtube.com/watch?v=HH4peaM2uLo,YSS|Gujarati|Autobiography of a Yogi |||,,
pZekRxifmP0,Ch16 Autobiography of a Yogi (Bengali) | গ্রহশান্তি | পরমহংস যোগানন্দ | যোগী-কথামৃত,https://www.youtube.com/watch?v=pZekRxifmP0,YSS|Bengali|Autobiography of a Yogi |||,,
JW2_6N1fsF4,Ch16 Autobiography of a Yogi (Hindi) | ग्रह-शान्ति | योगी कथामृत | परमहंस योगानन्द,https://www.youtube.com/watch?v=JW2_6N1fsF4,YSS|Hindi|Autobiography of a Yogi |||,,
YeL-rqkPxVM,Ch16 Autobiography of a Yogi (Kannada) | ಗ್ರಹಗಳನ್ನು ಮೀರಿಸಿದುದು | ಪರಮಹಂಸ ಯೋಗಾನಂದ | ಯೋಗಿಯ ಆತ್ಮಕಥೆ,https://www.youtube.com/watch?v=YeL-rqkPxVM,YSS|Kannada|Autobiography of a Yogi |||,,
jOmghQDBats,Ch16 Autobiography of a Yogi (Malayalam) | ഗ്രഹനിലയെ വെല്ലുക | പരമഹംസ യോഗാനന്ദൻ |ഒരു യോഗിയുടെ ആത്മകഥ,https://www.youtube.com/watch?v=jOmghQDBats,YSS|Malayalam|Autobiography of a Yogi |||,,
JLjCPy28wRk,Ch16 Autobiography of a Yogi (Nepali) | ग्रहहरूलाई शान्त पार्नु | परमहंस योगानन्द | योगीको आत्मकथा,https://www.youtube.com/watch?v=JLjCPy28wRk,YSS|Nepali|Autobiography of a Yogi |||,,
8cpAXAoIRZU,Ch16 Autobiography of a Yogi (Tamil) | கோள்களைத்‌ தந்திரத்தால்‌ வெற்றி கொள்ளல் | பரமஹம்ஸ யோகானந்தர்,https://www.youtube.com/watch?v=8cpAXAoIRZU,YSS|Tamil|Autobiography of a Yogi |||,,
Yk_-1TSlpkE,Ch16 Autobiography of a Yogi (Telugu) | గ్రహాల్ని ఓడించడం | పరమహంస యోగానంద | ఒక యోగి ఆత్మకథ,https://www.youtube.com/watch?v=Yk_-1TSlpkE,YSS|Telugu|Autobiography of a Yogi |||,,
FvVGcdHOnPg,Ch16 Autobiography of a Yogi(Gujarati) | ગ્રહોનો પરાભવ | પરમહંસ યોગાનંદ  | યોગી કથામૃત,https://www.youtube.com/watch?v=FvVGcdHOnPg,YSS|Gujarati|Autobiography of a Yogi |||,,
IjlzP-OkIWg,Ch17 Autobiography of a Yogi (Bengali) | শশী ও তিনটি নীলা | পরমহংস যোগানন্দ | যোগী-কথামৃত,https://www.youtube.com/watch?v=IjlzP-OkIWg,YSS|Bengali|Autobiography of a Yogi |||,,
iV9d60u--A4,Ch17 Autobiography of a Yogi (Hindi) | शशि और तीन नीलम | योगी कथामृत | परमहंस योगानन्द,https://www.youtube.com/watch?v=iV9d60u--A4,YSS|Hindi|Autobiography of a Yogi |||,,
ButGQ-b3k6M,Ch17 Autobiography of a Yogi (Kannada) | ಪರಮಹಂಸ ಯೋಗಾನಂದ | ಯೋಗಿಯ ಆತ್ಮಕಥೆ,https://www.youtube.com/watch?v=ButGQ-b3k6M,YSS|Kannada|Autobiography of a Yogi |||,,
PTsx_kDzgww,Ch17 Autobiography of a Yogi (Malayalam) | ശശിയും മൂന്ന് ഇന്ദ്രനീലകല്ലുകളും | പരമഹംസ യോഗാനന്ദൻ |,https://www.youtube.com/watch?v=PTsx_kDzgww,YSS|Malayalam|Autobiography of a Yogi |||,,
a4sWk5IawvM,Ch17 Autobiography of a Yogi (Nepali) | शशी र तीनवटा नीलम | परमहंस योगानन्द | योगीको आत्मकथा,https://www.youtube.com/watch?v=a4sWk5IawvM,YSS|Nepali|Autobiography of a Yogi |||,,
EwUUtEAhKW4,Ch17 Autobiography of a Yogi (Tamil) | சசியும்‌ மூன்று நீலக்‌ கற்களும் | பரமஹம்ஸ யோகானந்தர்,https://www.youtube.com/watch?v=EwUUtEAhKW4,YSS|Tamil|Autobiography of a Yogi |||,,
_tdAxcQzC3Q,"Ch17 Autobiography of a Yogi (Telugu) | శశి, మూడు నీలాలు | పరమహంస యోగానంద | ఒక యోగి ఆత్మకథ",https://www.youtube.com/watch?v=_tdAxcQzC3Q,YSS|Telugu|Autobiography of a Yogi |||,,
Ch4G7HajhwU,Ch17 Autobiography of a Yogi(Gujarati) | શશી અને ત્રણ નીલમ | પરમહંસ યોગાનંદ  | યોગી કથામૃત,https://www.youtube.com/watch?v=Ch4G7HajhwU,YSS|Gujarati|Autobiography of a Yogi |||,,
iTolSq6Ltew,Ch18 Autobiography of a Yogi (Bengali) | জনৈক মুসলমান যাদুকর ( আফজল খাঁ ) | পরমহংস যোগানন্দ,https://www.youtube.com/watch?v=iTolSq6Ltew,YSS|Bengali|Autobiography of a Yogi |||,,
fkhLBViDi3s,Ch18 Autobiography of a Yogi (Hindi) | एक मुस्लिम चमत्कार—प्रदर्शक | योगी कथामृत | परमहंस योगानन्द,https://www.youtube.com/watch?v=fkhLBViDi3s,YSS|Hindi|Autobiography of a Yogi |||,,
RSCguPXY7b4,Ch18 Autobiography of a Yogi (Kannada) | ಮುಸಲ್ಮಾನ ಜಾದೂಗಾರ | ಪರಮಹಂಸ ಯೋಗಾನಂದ | ಯೋಗಿಯ ಆತ್ಮಕಥೆ,https://www.youtube.com/watch?v=RSCguPXY7b4,YSS|Kannada|Autobiography of a Yogi |||,,
HT1blmwTkMA,Ch18 Autobiography of a Yogi (Malayalam)|അത്ഭുതങ്ങൾ പ്രവർത്തിക്കുന്ന മുസ്ലീം ഫക്കീർ|പരമഹംസ യോഗാനന്ദൻ,https://www.youtube.com/watch?v=HT1blmwTkMA,YSS|Malayalam|Autobiography of a Yogi |||,,
ynIlcvqSTNc,Ch18 Autobiography of a Yogi (Nepali) | चमत्कारी मुसलमान | परमहंस योगानन्द | योगीको आत्मकथा,https://www.youtube.com/watch?v=ynIlcvqSTNc,YSS|Nepali|Autobiography of a Yogi |||,,
x4RoywJ156I,Ch18 Autobiography of a Yogi (Tamil) | விந்தை புரியும்‌ ஒரு முஸ்லிம்‌ (அஃப்சல்‌ கான்),https://www.youtube.com/watch?v=x4RoywJ156I,YSS|Tamil|Autobiography of a Yogi |||,,
OnAxM1X2wig,Ch18 Autobiography of a Yogi (Telugu) | మహమ్మదీయ గారడివాడు | పరమహంస యోగానంద | ఒక యోగి ఆత్మకథ,https://www.youtube.com/watch?v=OnAxM1X2wig,YSS|Telugu|Autobiography of a Yogi |||,,
bjQiU4tYyrs,Ch18 Autobiography of a Yogi(Gujarati) | ચમત્કારો બતાવતો મુસ્લિમ (અફઝલખાન) |,https://www.youtube.com/watch?v=bjQiU4tYyrs,YSS|Gujarati|Autobiography of a Yogi |||,,
0wERDDDSWLo,Ch19 Autobiography of a Yogi (Bengali) | কলিকাতাস্থ গুরুদেবের শ্রীরামপুরে আবির্ভাব | যোগী-কথামৃত,https://www.youtube.com/watch?v=0wERDDDSWLo,YSS|Bengali|Autobiography of a Yogi |||,,
ER0oq6r8sJw,"Ch19 Autobiography of a Yogi (Hindi) | मेरे गुरु कोलकाता में, प्रकट होते हैं श्रीरामपुर में",https://www.youtube.com/watch?v=ER0oq6r8sJw,YSS|Hindi|Autobiography of a Yogi |||,,
qBM4o_gzaqk,Ch19 Autobiography of a Yogi (Kannada) | ಪರಮಹಂಸ ಯೋಗಾನಂದ | ಯೋಗಿಯ ಆತ್ಮಕಥೆ,https://www.youtube.com/watch?v=qBM4o_gzaqk,YSS|Kannada|Autobiography of a Yogi |||,,
gdgxR6A_Ees,"Ch19 Autobiography of a Yogi (Nepali) गुरुदेव कोलकातामा, प्रकट हुनुभयो श्रीरामपुरमा! परमहंस योगानन्द",https://www.youtube.com/watch?v=gdgxR6A_Ees,YSS|Nepali|Autobiography of a Yogi |||,,
sBwOUAS6EFM,"Ch19 Autobiography of a Yogi (Tamil) | கல்கத்தாவில்‌ உள்ள என்‌ குரு, செராம்பூரில்‌ தோன்றுகிறார்",https://www.youtube.com/watch?v=sBwOUAS6EFM,YSS|Tamil|Autobiography of a Yogi |||,,
ioNTXtm_JH8,Ch19 Autobiography of a Yogi (Telugu) | పరమహంస యోగానంద | ఒక యోగి ఆత్మకథ,https://www.youtube.com/watch?v=ioNTXtm_JH8,YSS|Telugu|Autobiography of a Yogi |||,,
VeicAIrWSwo,Ch19 Autobiography of a Yogi(Gujarati) | મારા ગુરુ કોલકાતામાં હોવા છતાં સીરામપોરમાં દેખાય છે,https://www.youtube.com/watch?v=VeicAIrWSwo,YSS|Gujarati|Autobiography of a Yogi |||,,
MbA1NoiYxX8,Ch19Autobiography ofaYogi(Malayalam)കൊൽക്കത്തയിലായിരുന്ന ഗുരുദേവൻ ശ്രീരാമപുരത്ത് പ്രത്യക്ഷപ്പെടുന്നു,https://www.youtube.com/watch?v=MbA1NoiYxX8,YSS|Malayalam|Autobiography of a Yogi |||,,
8Soqdj4zyXk,Ch20 Autobiography of a Yogi (Bengali) | কাশ্মীর ভ্রমণে বাধা | পরমহংস যোগানন্দ | যোগী-কথামৃত,https://www.youtube.com/watch?v=8Soqdj4zyXk,YSS|Bengali|Autobiography of a Yogi |||,,
zIgeCo1dqyI,Ch20 Autobiography of a Yogi (Hindi) | कश्मीर—यात्रा में बाधा | योगी कथामृत | परमहंस योगानन्द,https://www.youtube.com/watch?v=zIgeCo1dqyI,YSS|Hindi|Autobiography of a Yogi |||,,
h2xfqKYvgv8,Ch20 Autobiography of a Yogi (Kannada) ನಾವು ಕಾಶ್ಮೀರಕ್ಕೆ ಹೋಗುವುದಿಲ್ಲ | ಪರಮಹಂಸ ಯೋಗಾನಂದ | ಯೋಗಿಯ ಆತ್ಮಕಥೆ,https://www.youtube.com/watch?v=h2xfqKYvgv8,YSS|Kannada|Autobiography of a Yogi |||,,
p1z1SNpwYYs,Ch20 Autobiography of a Yogi (Malayalam) | ഞങ്ങൾ കശ്മീർ സന്ദർശിക്കുന്നില്ല | പരമഹംസ യോഗാനന്ദൻ,https://www.youtube.com/watch?v=p1z1SNpwYYs,YSS|Malayalam|Autobiography of a Yogi |||,,
St27DbTTr_g,Ch20 Autobiography of a Yogi (Nepali) | हामी कश्मीर गएनौँ | परमहंस योगानन्द | योगीको आत्मकथा,https://www.youtube.com/watch?v=St27DbTTr_g,YSS|Nepali|Autobiography of a Yogi |||,,
sdhifXqhd6s,Ch20 Autobiography of a Yogi (Tamil) | நாங்கள்‌ காஷ்மீருக்குச்‌ செல்லவில்லை | பரமஹம்ஸ யோகானந்தர்,https://www.youtube.com/watch?v=sdhifXqhd6s,YSS|Tamil|Autobiography of a Yogi |||,,
3I1TYNgwRdQ,Ch20 Autobiography of a Yogi (Telugu) | మేము కాశ్మీరు వెళ్ళలేదు | పరమహంస యోగానంద | ఒక యోగి ఆత్మకథ,https://www.youtube.com/watch?v=3I1TYNgwRdQ,YSS|Telugu|Autobiography of a Yogi |||,,
hroxBYf6q_8,Ch20 Autobiography of a Yogi(Gujarati)| અમે કાશ્મીરની યાત્રાએ જતા નથી | પરમહંસ યોગાનંદ | યોગી કથામૃત,https://www.youtube.com/watch?v=hroxBYf6q_8,YSS|Gujarati|Autobiography of a Yogi |||,,
5TcjzQs5zbI,Ch21 Autobiography of a Yogi (Bengali) | এবার কাশ্মীর যাত্রা | পরমহংস যোগানন্দ | যোগী-কথামৃত,https://www.youtube.com/watch?v=5TcjzQs5zbI,YSS|Bengali|Autobiography of a Yogi |||,,
Bgqg8alxT24,Ch21 Autobiography of a Yogi (Hindi) | हमारी कश्मीर-यात्रा | योगी कथामृत | परमहंस योगानन्द,https://www.youtube.com/watch?v=Bgqg8alxT24,YSS|Hindi|Autobiography of a Yogi |||,,
hWX_t6Re0SU,Ch21 Autobiography of a Yogi (Kannada) | ನಾವು ಕಾಶ್ಮೀರಕ್ಕೆ ಹೋದೆವು | ಪರಮಹಂಸ ಯೋಗಾನಂದ | ಯೋಗಿಯ ಆತ್ಮಕಥೆ,https://www.youtube.com/watch?v=hWX_t6Re0SU,YSS|Kannada|Autobiography of a Yogi |||,,
0GR8R6hB2_g,Ch21 Autobiography of a Yogi (Malayalam) | ഞങ്ങൾ കശ്മീർ സന്ദർശിക്കുന്നു | പരമഹംസ യോഗാനന്ദൻ |,https://www.youtube.com/watch?v=0GR8R6hB2_g,YSS|Malayalam|Autobiography of a Yogi |||,,
GaBsfonBmuM,Ch21 Autobiography of a Yogi (Nepali) | हामी कश्मीर गयौँ | परमहंस योगानन्द | योगीको आत्मकथा,https://www.youtube.com/watch?v=GaBsfonBmuM,YSS|Nepali|Autobiography of a Yogi |||,,
H2H3BNZ-HWo,Ch21 Autobiography of a Yogi (Tamil) | எங்கள்‌ காஷ்மீரப்‌ பயணம் | பரமஹம்ஸ யோகானந்தர்,https://www.youtube.com/watch?v=H2H3BNZ-HWo,YSS|Tamil|Autobiography of a Yogi |||,,
sKU1e_B2BJU,Ch21 Autobiography of a Yogi (Telugu) | మేము కాశ్మీరు వెళ్ళాం | పరమహంస యోగానంద | ఒక యోగి ఆత్మకథ,https://www.youtube.com/watch?v=sKU1e_B2BJU,YSS|Telugu|Autobiography of a Yogi |||,,
5LcyahVW1oI,Ch21 Autobiography of a Yogi(Gujarati) | અમે કાશ્મીર જઈએ છીએ | પરમહંસ યોગાનંદ  | યોગી કથામૃત,https://www.youtube.com/watch?v=5LcyahVW1oI,YSS|Gujarati|Autobiography of a Yogi |||,,
A4hu3GWV0dg,Ch22 Autobiography of a Yogi (Bengali) | পাষাণ দেবতার হৃদয় | পরমহংস যোগানন্দ | যোগী-কথামৃত,https://www.youtube.com/watch?v=A4hu3GWV0dg,YSS|Bengali|Autobiography of a Yogi |||,,
pCxbQBA10YQ,Ch22 Autobiography of a Yogi (Hindi) | पाषाण प्रतिमा का हृदय | योगी कथामृत | परमहंस योगानन्द,https://www.youtube.com/watch?v=pCxbQBA10YQ,YSS|Hindi|Autobiography of a Yogi |||,,
fXUzOup4K-s,Ch22 Autobiography of a Yogi (Kannada) | ಕಲ್ಲಿನ ವಿಗ್ರಹದ ಹೃದಯ | ಪರಮಹಂಸ ಯೋಗಾನಂದ | ಯೋಗಿಯ ಆತ್ಮಕಥೆ,https://www.youtube.com/watch?v=fXUzOup4K-s,YSS|Kannada|Autobiography of a Yogi |||,,
nQ2h88eFSAc,Ch22 Autobiography of a Yogi (Malayalam) | ഒരു ശിലാവിഗ്രഹത്തിന്റെ ഹൃദയം | പരമഹംസ യോഗാനന്ദൻ |,https://www.youtube.com/watch?v=nQ2h88eFSAc,YSS|Malayalam|Autobiography of a Yogi |||,,
0-2RO_cs-Ks,Ch22 Autobiography of a Yogi (Nepali) | ढुङ्गाको मूर्तिको हृदय | परमहंस योगानन्द | योगीको आत्मकथा,https://www.youtube.com/watch?v=0-2RO_cs-Ks,YSS|Nepali|Autobiography of a Yogi |||,,
GVhR0n9WRPc,Ch22 Autobiography of a Yogi (Tamil) | ஒரு கற்சிலையின்‌ இதயம் | பரமஹம்ஸ யோகானந்தர்,https://www.youtube.com/watch?v=GVhR0n9WRPc,YSS|Tamil|Autobiography of a Yogi |||,,
QcfFhuMiJ5c,Ch22 Autobiography of a Yogi (Telugu) | రాతిబొమ్మ గుండె | పరమహంస యోగానంద | ఒక యోగి ఆత్మకథ,https://www.youtube.com/watch?v=QcfFhuMiJ5c,YSS|Telugu|Autobiography of a Yogi |||,,
x0OH2T12ruk,Ch22 Autobiography of a Yogi(Gujarati) | પાષાણમૂર્તિનું હૈયું | પરમહંસ યોગાનંદ  | યોગી કથામૃત,https://www.youtube.com/watch?v=x0OH2T12ruk,YSS|Gujarati|Autobiography of a Yogi |||,,
VNyaRwlvT9c,Ch23 Autobiography of a Yogi (Bengali) | বিশ্ববিদ্যালয়ের ডিগ্রীলাভ | পরমহংস যোগানন্দ | যোগী-কথামৃত,https://www.youtube.com/watch?v=VNyaRwlvT9c,YSS|Bengali|Autobiography of a Yogi |||,,
rPVd0LblAH4,Ch23 Autobiography of a Yogi (Hindi) | विश्वविद्यालय से उपाधि की प्राप्ति | योगी कथामृत,https://www.youtube.com/watch?v=rPVd0LblAH4,YSS|Hindi|Autobiography of a Yogi |||,,
_7V9nymU8y0,Ch23 Autobiography of a Yogi (Kannada) ವಿಶ್ವವಿದ್ಯಾಲಯದ ಪದವಿಯನ್ನು ಪಡೆದೆ ಪರಮಹಂಸ ಯೋಗಾನಂದ | ಯೋಗಿಯ ಆತ್ಮಕಥೆ,https://www.youtube.com/watch?v=_7V9nymU8y0,YSS|Kannada|Autobiography of a Yogi |||,,
qJQfqf5TcAQ,Ch23 Autobiography of a Yogi (Malayalam) | ഞാൻ സർവകലാശാലാബിരുദം നേടുന്നു | പരമഹംസ യോഗാനന്ദൻ |,https://www.youtube.com/watch?v=qJQfqf5TcAQ,YSS|Malayalam|Autobiography of a Yogi |||,,
b7QjJUDEm3w,Ch23 Autobiography of a Yogi (Nepali) | मैले विश्वविद्यालयको उपाधि पाएँ | परमहंस योगानन्द |,https://www.youtube.com/watch?v=b7QjJUDEm3w,YSS|Nepali|Autobiography of a Yogi |||,,
GUD8eBvrZIk,Ch23 Autobiography of a Yogi (Tamil) | நான்‌ பல்கலைக்‌ கழகப்‌ பட்டம்‌ பெறுகிறேன்| பரமஹம்ஸ யோகானந்தர்,https://www.youtube.com/watch?v=GUD8eBvrZIk,YSS|Tamil|Autobiography of a Yogi |||,,
vElKhXDIUDE,Ch23 Autobiography of a Yogi (Telugu) | విశ్వవిద్యాలయపట్ట ప్రాప్తి | పరమహంస యోగానంద | ఒక యోగి ఆత్మకథ,https://www.youtube.com/watch?v=vElKhXDIUDE,YSS|Telugu|Autobiography of a Yogi |||,,
1UFlgOZ1JJ8,Ch23 Autobiography of a Yogi(Gujarati) | હું વિવિઘાલયની મારી ઉપાધિ પ્રાપ્ત કરું છું |,https://www.youtube.com/watch?v=1UFlgOZ1JJ8,YSS|Gujarati|Autobiography of a Yogi |||,,
aho34je9YYY,Ch24 Autobiography of a Yogi (Bengali) | সন্ন্যাস লইয়া ‘স্বামী’ আখ্যা গ্রহণ | পরমহংস যোগানন্দ,https://www.youtube.com/watch?v=aho34je9YYY,YSS|Bengali|Autobiography of a Yogi |||,,
hgh5dTAuBP4,Ch24 Autobiography of a Yogi (Hindi) | मेरा संन्यास—ग्रहण: स्वामी—संस्थान के अन्तर्गत | योगी कथामृत,https://www.youtube.com/watch?v=hgh5dTAuBP4,YSS|Hindi|Autobiography of a Yogi |||,,
i4zhKg7Ib6g,Ch24 Autobiography of a Yogi (Kannada) | ಪರಮಹಂಸ ಯೋಗಾನಂದ | ಯೋಗಿಯ ಆತ್ಮಕಥೆ,https://www.youtube.com/watch?v=i4zhKg7Ib6g,YSS|Kannada|Autobiography of a Yogi |||,,
buTS81JESVE,Ch24 Autobiography of a Yogi (Malayalam) | ഞാൻ സ്വാമിപരമ്പരയുടെ സന്ന്യാസദീക്ഷ സ്വീകരിക്കുന്നു |,https://www.youtube.com/watch?v=buTS81JESVE,YSS|Malayalam|Autobiography of a Yogi |||,,
emLJCMOJYqk,Ch24 Autobiography of a Yogi (Nepali) | मैले सन्न्यास ग्रहण गरेँ : स्वामी संस्थानअन्तर्गत,https://www.youtube.com/watch?v=emLJCMOJYqk,YSS|Nepali|Autobiography of a Yogi |||,,
TmqVAIIxbXQ,Ch24 Autobiography of a Yogi (Tamil) | நான்‌ ஸ்வாமி பரம்பரையில்‌ சன்னியாசி ஆகிறேன்,https://www.youtube.com/watch?v=TmqVAIIxbXQ,YSS|Tamil|Autobiography of a Yogi |||,,
S0hHEv34Pjg,Ch24 Autobiography of a Yogi (Telugu) | నేను సన్యాసం తీసుకోడం | పరమహంస యోగానంద | ఒక యోగి ఆత్మకథ,https://www.youtube.com/watch?v=S0hHEv34Pjg,YSS|Telugu|Autobiography of a Yogi |||,,
sZqprcl0YHI,Ch24 Autobiography of a Yogi(Gujarati) | હું સ્વામી પદ પ્રાપ્ત કરી સંન્યાસી બનું છું |,https://www.youtube.com/watch?v=sZqprcl0YHI,YSS|Gujarati|Autobiography of a Yogi |||,,
ZAho-aWo3ds,Ch25 Autobiography of a Yogi (Bengali) | ভ্রাতা অনন্ত ও ভগিনী নলিনী | পরমহংস যোগানন্দ | যোগী-কথামৃত,https://www.youtube.com/watch?v=ZAho-aWo3ds,YSS|Bengali|Autobiography of a Yogi |||,,
J8MteTlt-to,Ch25 Autobiography of a Yogi (Hindi) | भाई अनन्त एवं बहन नलिनी | योगी कथामृत | परमहंस योगानन्द,https://www.youtube.com/watch?v=J8MteTlt-to,YSS|Hindi|Autobiography of a Yogi |||,,
9uiCxvHINX8,Ch25 Autobiography of a Yogi (Kannada) | ಅಣ್ಣ ಅನಂತ ಮತ್ತು ತಂಗಿ ನಳಿನಿ | ಪರಮಹಂಸ ಯೋಗಾನಂದ | ಯೋಗಿಯ ಆತ್ಮಕಥೆ,https://www.youtube.com/watch?v=9uiCxvHINX8,YSS|Kannada|Autobiography of a Yogi |||,,
4v7KGwVWV9c,Ch25 Autobiography of a Yogi (Malayalam) | സഹോദരൻ അനന്തനും സഹോദരി നളിനിയും | പരമഹംസ യോഗാനന്ദൻ |,https://www.youtube.com/watch?v=4v7KGwVWV9c,YSS|Malayalam|Autobiography of a Yogi |||,,
XKTI_078YiQ,Ch25 Autobiography of a Yogi (Nepali) | दाजु अनन्त र बहिनी नलिनी | परमहंस योगानन्द | योगीको आत्मकथा,https://www.youtube.com/watch?v=XKTI_078YiQ,YSS|Nepali|Autobiography of a Yogi |||,,
4jc27V0zN4I,Ch25 Autobiography of a Yogi (Tamil) | அண்ணன்‌ அனந்தாவும்‌ தங்கை நளினியும் | பரமஹம்ஸ யோகானந்தர்,https://www.youtube.com/watch?v=4jc27V0zN4I,YSS|Tamil|Autobiography of a Yogi |||,,
pcMVWQWQPlY,Ch25 Autobiography of a Yogi (Telugu) | పరమహంస యోగానంద | ఒక యోగి ఆత్మకథ,https://www.youtube.com/watch?v=pcMVWQWQPlY,YSS|Telugu|Autobiography of a Yogi |||,,
__JriNrQ2xY,Ch25 Autobiography of a Yogi(Gujarati) | ભાઈ અનંત અને બહેન નલિની | પરમહંસ યોગાનંદ  | યોગી કથામૃત,https://www.youtube.com/watch?v=__JriNrQ2xY,YSS|Gujarati|Autobiography of a Yogi |||,,
602IAHY1VCk,Ch26 Autobiography of a Yogi (Bengali) | ক্রিয়াযোগ বিজ্ঞান | পরমহংস যোগানন্দ | যোগী-কথামৃত,https://www.youtube.com/watch?v=602IAHY1VCk,YSS|Bengali|Autobiography of a Yogi |||,,
zQZOZAa01nM,Ch26 Autobiography of a Yogi (Hindi) | क्रियायोग विज्ञान | योगी कथामृत | परमहंस योगानन्द,https://www.youtube.com/watch?v=zQZOZAa01nM,YSS|Hindi|Autobiography of a Yogi |||,,
#NAME?,Ch26 Autobiography of a Yogi (Kannada) | ಕ್ರಿಯಾಯೋಗ ವಿಜ್ಞಾನ | ಪರಮಹಂಸ ಯೋಗಾನಂದ | ಯೋಗಿಯ ಆತ್ಮಕಥೆ,https://www.youtube.com/watch?v=-Lhngh3T-BQ,YSS|Kannada|Autobiography of a Yogi |||,,
Zhx7AnixSsA,Ch26 Autobiography of a Yogi (Malayalam) | ക്രിയായോഗശാസ്ത്രം | പരമഹംസ യോഗാനന്ദൻ |ഒരു യോഗിയുടെ ആത്മകഥ,https://www.youtube.com/watch?v=Zhx7AnixSsA,YSS|Malayalam|Autobiography of a Yogi |||,,
7kiP7rbN79c,Ch26 Autobiography of a Yogi (Nepali) | क्रियायोग विज्ञान | परमहंस योगानन्द | योगीको आत्मकथा,https://www.youtube.com/watch?v=7kiP7rbN79c,YSS|Nepali|Autobiography of a Yogi |||,,
HLADclZWrOM,Ch26 Autobiography of a Yogi (Tamil) | கிரியா யோக விஞ்ஞானம் | பரமஹம்ஸ யோகானந்தர்,https://www.youtube.com/watch?v=HLADclZWrOM,YSS|Tamil|Autobiography of a Yogi |||,,
2Fdc6zONeVg,Ch26 Autobiography of a Yogi (Telugu) | క్రియాయోగశాస్త్రం | పరమహంస యోగానంద | ఒక యోగి ఆత్మకథ,https://www.youtube.com/watch?v=2Fdc6zONeVg,YSS|Telugu|Autobiography of a Yogi |||,,
uozIwWEaMVw,Ch26 Autobiography of a Yogi(Gujarati) | ક્રિયા યોગનું વિજ્ઞાન | પરમહંસ યોગાનંદ  | યોગી કથામૃત,https://www.youtube.com/watch?v=uozIwWEaMVw,YSS|Gujarati|Autobiography of a Yogi |||,,
3lTCMQjd9FE,Ch27 Autobiography of a Yogi (Bengali) | রাঁচিতে যোগবিদ্যালয় স্থাপন | পরমহংস যোগানন্দ | যোগী-কথামৃত,https://www.youtube.com/watch?v=3lTCMQjd9FE,YSS|Bengali|Autobiography of a Yogi |||,,
rDrSmSlAOZU,Ch27 Autobiography of a Yogi (Hindi) | राँची में योग-विद्यालय की स्थापना | योगी कथामृत,https://www.youtube.com/watch?v=rDrSmSlAOZU,YSS|Hindi|Autobiography of a Yogi |||,,
dQr-u8doFac,Ch27 Autobiography of a Yogi (Kannada)| ರಾಂಚಿಯಲ್ಲಿ ಯೋಗಶಾಲೆಯ ಸ್ಥಾಪನೆ | ಪರಮಹಂಸ ಯೋಗಾನಂದ | ಯೋಗಿಯ ಆತ್ಮಕಥೆ,https://www.youtube.com/watch?v=dQr-u8doFac,YSS|Kannada|Autobiography of a Yogi |||,,
yi-yegUZuKU,Ch27 Autobiography of a Yogi (Malayalam) | റാഞ്ചി യോഗവിദ്യാലയസ്ഥാപനം | പരമഹംസ യോഗാനന്ദൻ |,https://www.youtube.com/watch?v=yi-yegUZuKU,YSS|Malayalam|Autobiography of a Yogi |||,,
2KZzYzoSTn0,Ch27 Autobiography of a Yogi (Nepali) | राँचीमा योग विद्यालयको स्थापना | परमहंस योगानन्द |,https://www.youtube.com/watch?v=2KZzYzoSTn0,YSS|Nepali|Autobiography of a Yogi |||,,
GaZWHnEtaco,Ch27 Autobiography of a Yogi (Tamil) | ராஞ்சியில்‌ ஒரு யோக பாடசாலையை நிறுவுதல் | பரமஹம்ஸ யோகானந்தர்,https://www.youtube.com/watch?v=GaZWHnEtaco,YSS|Tamil|Autobiography of a Yogi |||,,
SnwDNSumoSg,Ch27 Autobiography of a Yogi (Telugu) | రాంచీలో యోగవిద్యాలయ స్థాపన | పరమహంస యోగానంద | ఒక యోగి ఆత్మకథ,https://www.youtube.com/watch?v=SnwDNSumoSg,YSS|Telugu|Autobiography of a Yogi |||,,
NrRV4IHAVtE,Ch27 Autobiography of a Yogi(Gujarati) | રાંચીમાં યોગ વિદ્યાલયની સ્થાપના |,https://www.youtube.com/watch?v=NrRV4IHAVtE,YSS|Gujarati|Autobiography of a Yogi |||,,
3q56u1yXgXw,Ch28 Autobiography of a Yogi (Bengali) | কাশীর পুনর্জন্ম ও আবিষ্কার | পরমহংস যোগানন্দ | যোগী-কথামৃত,https://www.youtube.com/watch?v=3q56u1yXgXw,YSS|Bengali|Autobiography of a Yogi |||,,
PlejZL01PZ4,Ch28 Autobiography of a Yogi (Hindi) | काशी का पुनर्जन्म और उसका पता लगना | योगी कथामृत,https://www.youtube.com/watch?v=PlejZL01PZ4,YSS|Hindi|Autobiography of a Yogi |||,,
v3mFIzicXqE,Ch28 Autobiography of a Yogi (Kannada) | ಪರಮಹಂಸ ಯೋಗಾನಂದ | ಯೋಗಿಯ ಆತ್ಮಕಥೆ,https://www.youtube.com/watch?v=v3mFIzicXqE,YSS|Kannada|Autobiography of a Yogi |||,,
v3aBc330zxc,Ch28 Autobiography of a Yogi (Malayalam) | കാശിയുടെ പുനർജനനവും കണ്ടെത്തലും | പരമഹംസ യോഗാനന്ദൻ |,https://www.youtube.com/watch?v=v3aBc330zxc,YSS|Malayalam|Autobiography of a Yogi |||,,
kcvS1-NvuuQ,Ch28 Autobiography of a Yogi (Nepali) | काशीको पुनर्जन्म र फेला पर्नु | परमहंस योगानन्द |,https://www.youtube.com/watch?v=kcvS1-NvuuQ,YSS|Nepali|Autobiography of a Yogi |||,,
#NAME?,Ch28 Autobiography of a Yogi (Tamil) | காசியின்‌ மறுபிறப்பும்‌ அதைக்‌ கண்டறிதலும்,https://www.youtube.com/watch?v=-D_dHzkB2OE,YSS|Tamil|Autobiography of a Yogi |||,,
k-A2lIzhrW8,Ch28 Autobiography of a Yogi (Telugu) | పరమహంస యోగానంద | ఒక యోగి ఆత్మకథ,https://www.youtube.com/watch?v=k-A2lIzhrW8,YSS|Telugu|Autobiography of a Yogi |||,,
T40zqc9wIYA,Ch28 Autobiography of a Yogi(Gujarati)| કાશીનો પુનર્જન્મ અને તેની શોધ | પરમહંસ યોગાનંદ | યોગી કથામૃત,https://www.youtube.com/watch?v=T40zqc9wIYA,YSS|Gujarati|Autobiography of a Yogi |||,,
UFZzRWCxpVY,Ch29 Autobiography of a Yogi (Bengali) | রবীন্দ্রনাথ ও আমার বিদ্যালয় প্রসঙ্গে আলোচনা | যোগী-কথামৃত,https://www.youtube.com/watch?v=UFZzRWCxpVY,YSS|Bengali|Autobiography of a Yogi |||,,
BEerCCVrgI0,Ch29 Autobiography of a Yogi (Hindi) | रवीन्द्रनाथ टैगोर और मेरे विद्यालयों की तुलना | योगी कथामृत,https://www.youtube.com/watch?v=BEerCCVrgI0,YSS|Hindi|Autobiography of a Yogi |||,,
mhHw0KUdVOc,Ch29 Autobiography of a Yogi (Kannada) | ಪರಮಹಂಸ ಯೋಗಾನಂದ | ಯೋಗಿಯ ಆತ್ಮಕಥೆ,https://www.youtube.com/watch?v=mhHw0KUdVOc,YSS|Kannada|Autobiography of a Yogi |||,,
ZOaauc59HSA,Ch29 Autobiography of a Yogi (Malayalam)| രവീന്ദ്രനാഥ ടാഗോറും ഞാനും വിദ്യാലയങ്ങൾ താരതമ്യം ചെയ്യുന്നു,https://www.youtube.com/watch?v=ZOaauc59HSA,YSS|Malayalam|Autobiography of a Yogi |||,,
ozN_Zb8Vll0,Ch29 Autobiography of a Yogi (Nepali) | रवीन्द्रनाथ ट्यागोर र म विद्यालयहरूको तुलना गर्छौँ |,https://www.youtube.com/watch?v=ozN_Zb8Vll0,YSS|Nepali|Autobiography of a Yogi |||,,
4R5J73o_Fyc,Ch29 Autobiography of a Yogi (Tamil)| ரவீந்திரநாத்‌ தாகூரும்‌ நானும்‌ எங்களது பள்ளிகளை ஒப்பிடுகிறோம்,https://www.youtube.com/watch?v=4R5J73o_Fyc,YSS|Tamil|Autobiography of a Yogi |||,,
Eg9GRKjCt3k,Ch29 Autobiography of a Yogi (Telugu) | పరమహంస యోగానంద | ఒక యోగి ఆత్మకథ,https://www.youtube.com/watch?v=Eg9GRKjCt3k,YSS|Telugu|Autobiography of a Yogi |||,,
YFPO254H7zg,Ch29 Autobiography of a Yogi(Gujarati) | રવીન્દ્રનાથ ટાગોર અને હું શાળાઓની તુલના કરીએ છીએ |,https://www.youtube.com/watch?v=YFPO254H7zg,YSS|Gujarati|Autobiography of a Yogi |||,,
otbti4bAp3w,Ch30 Autobiography of a Yogi (Bengali) | অলৌকিক ঘটনার নিয়ম | পরমহংস যোগানন্দ | যোগী-কথামৃত,https://www.youtube.com/watch?v=otbti4bAp3w,YSS|Bengali|Autobiography of a Yogi |||,,
Hx9MgdPzqJU,Ch30 Autobiography of a Yogi (Hindi) | चमत्कारों का नियम | योगी कथामृत | परमहंस योगानन्द,https://www.youtube.com/watch?v=Hx9MgdPzqJU,YSS|Hindi|Autobiography of a Yogi |||,,
R6Y9-Lew0Hs,Ch30 Autobiography of a Yogi (Kannada) | ಪವಾಡಗಳ ನಿಯಮ | ಪರಮಹಂಸ ಯೋಗಾನಂದ | ಯೋಗಿಯ ಆತ್ಮಕಥೆ,https://www.youtube.com/watch?v=R6Y9-Lew0Hs,YSS|Kannada|Autobiography of a Yogi |||,,
2Iid42zLO-s,Ch30 Autobiography of a Yogi (Malayalam) | ദിവ്യാത്ഭുതങ്ങളുടെ നിയമം | പരമഹംസ യോഗാനന്ദൻ |,https://www.youtube.com/watch?v=2Iid42zLO-s,YSS|Malayalam|Autobiography of a Yogi |||,,
FwInhemzITI,Ch30 Autobiography of a Yogi (Nepali) | चमत्कारको नियम | परमहंस योगानन्द | योगीको आत्मकथा,https://www.youtube.com/watch?v=FwInhemzITI,YSS|Nepali|Autobiography of a Yogi |||,,
LdFAEieM2DY,Ch30 Autobiography of a Yogi (Tamil) | அதிசயங்களின்‌ விதி | பரமஹம்ஸ யோகானந்தர்,https://www.youtube.com/watch?v=LdFAEieM2DY,YSS|Tamil|Autobiography of a Yogi |||,,
yYhuIq5iez8,Ch30 Autobiography of a Yogi (Telugu) | అలౌకిక ఘటనల నియమం | పరమహంస యోగానంద | ఒక యోగి ఆత్మకథ,https://www.youtube.com/watch?v=yYhuIq5iez8,YSS|Telugu|Autobiography of a Yogi |||,,
SWOcORMcGhM,Ch30 Autobiography of a Yogi(Gujarati) | ચમત્કારોનો નિયમ  | પરમહંસ યોગાનંદ  | યોગી કથામૃત,https://www.youtube.com/watch?v=SWOcORMcGhM,YSS|Gujarati|Autobiography of a Yogi |||,,
0h-TzIEj2bY,Ch31 Autobiography of a Yogi (Bengali) | পুণ্যশীলা মাতা কাশীমণি দেবীর সহিত সাক্ষাৎকার,https://www.youtube.com/watch?v=0h-TzIEj2bY,YSS|Bengali|Autobiography of a Yogi |||,,
mrtd0_R5VTs,Ch31 Autobiography of a Yogi (Hindi) | पुण्यशीला माता से भेंट | योगी कथामृत | परमहंस योगानन्द,https://www.youtube.com/watch?v=mrtd0_R5VTs,YSS|Hindi|Autobiography of a Yogi |||,,
ee7SmM5aC8Y,Ch31 Autobiography of a Yogi (Kannada) | ಪೂಜ್ಯ ಮಾತೆಯೊಡನೆ ಸಂದರ್ಶನ | ಪರಮಹಂಸ ಯೋಗಾನಂದ | ಯೋಗಿಯ ಆತ್ಮಕಥೆ,https://www.youtube.com/watch?v=ee7SmM5aC8Y,YSS|Kannada|Autobiography of a Yogi |||,,
ZKV0JTAkRDg,Ch31 Autobiography of a Yogi (Malayalam) | വിശുദ്ധമാതാവുമായി ഒരഭിമുഖം | പരമഹംസ യോഗാനന്ദൻ |,https://www.youtube.com/watch?v=ZKV0JTAkRDg,YSS|Malayalam|Autobiography of a Yogi |||,,
GRy967thx3w,Ch31 Autobiography of a Yogi (Nepali) | पवित्र आमासँग साक्षात्कार | परमहंस योगानन्द | योगीको आत्मकथा,https://www.youtube.com/watch?v=GRy967thx3w,YSS|Nepali|Autobiography of a Yogi |||,,
F-pyLdQutL8,Ch31 Autobiography of a Yogi (Tamil) | புனித அன்னையாருடன்‌ பேட்டி (காசிமணி லாஹிரி),https://www.youtube.com/watch?v=F-pyLdQutL8,YSS|Tamil|Autobiography of a Yogi |||,,
Iscj9MYyrZE,Ch31 Autobiography of a Yogi (Telugu) | పూజ్యమాతతో సమావేశం | పరమహంస యోగానంద | ఒక యోగి ఆత్మకథ,https://www.youtube.com/watch?v=Iscj9MYyrZE,YSS|Telugu|Autobiography of a Yogi |||,,
EQI0UUbZtI4,Ch31 Autobiography of a Yogi(Gujarati) | પૂજનીય માતાજી સાથેની મુલાકાત (શ્રીમતી કાશીમણિ લાહેરી) |,https://www.youtube.com/watch?v=EQI0UUbZtI4,YSS|Gujarati|Autobiography of a Yogi |||,,
HPfIa-8ZkYg,Ch32 Autobiography of a Yogi (Bengali) | মৃত রামের পুনর্জীবন | পরমহংস যোগানন্দ | যোগী-কথামৃত,https://www.youtube.com/watch?v=HPfIa-8ZkYg,YSS|Bengali|Autobiography of a Yogi |||,,
i013nX7FW3M,Ch32 Autobiography of a Yogi (Hindi) | मृतक राम को पुन: जीवन-दान | योगी कथामृत | परमहंस योगानन्द,https://www.youtube.com/watch?v=i013nX7FW3M,YSS|Hindi|Autobiography of a Yogi |||,,
BQ0bxKC2rMo,Ch32 Autobiography of a Yogi (Kannada) | ರಾಮ ಮತ್ತೆ ಬದುಕಿದ | ಪರಮಹಂಸ ಯೋಗಾನಂದ | ಯೋಗಿಯ ಆತ್ಮಕಥೆ,https://www.youtube.com/watch?v=BQ0bxKC2rMo,YSS|Kannada|Autobiography of a Yogi |||,,
ZJPtCaN90TE,Ch32 Autobiography of a Yogi (Malayalam) | രാമൻ മരണത്തിൽ നിന്ന് ഉയിർത്തെഴുന്നേല്പ്പിക്കപ്പെടുന്നു |,https://www.youtube.com/watch?v=ZJPtCaN90TE,YSS|Malayalam|Autobiography of a Yogi |||,,
ihDQvCU2k_M,Ch32 Autobiography of a Yogi (Nepali) | मृत रामलाई जीवनदान | परमहंस योगानन्द | योगीको आत्मकथा,https://www.youtube.com/watch?v=ihDQvCU2k_M,YSS|Nepali|Autobiography of a Yogi |||,,
80IR5utNmg4,Ch32 Autobiography of a Yogi (Tamil) | இறந்த ராமன்‌ உயிர்‌ பெறுகிறான | பரமஹம்ஸ யோகானந்தர்,https://www.youtube.com/watch?v=80IR5utNmg4,YSS|Tamil|Autobiography of a Yogi |||,,
3i-EBAoAg-w,Ch32 Autobiography of a Yogi (Telugu)| చనిపోయిన రాముణ్ణి బతికించడం | పరమహంస యోగానంద | ఒక యోగి ఆత్మకథ,https://www.youtube.com/watch?v=3i-EBAoAg-w,YSS|Telugu|Autobiography of a Yogi |||,,
YAX0Tr8rZXQ,Ch32 Autobiography of a Yogi(Gujarati) | મૃત્યુ પામેલ રામ પુન: સજીવન થાય છે |,https://www.youtube.com/watch?v=YAX0Tr8rZXQ,YSS|Gujarati|Autobiography of a Yogi |||,,
wHIWCljzqMA,Ch33 Autobiography of a Yogi (Bengali) | বাবাজী — আধুনিক ভারতের মহাযোগী | পরমহংস যোগানন্দ,https://www.youtube.com/watch?v=wHIWCljzqMA,YSS|Bengali|Autobiography of a Yogi |||,,
pLJpLiptG-Y,Ch33 Autobiography of a Yogi (Hindi) | आधुनिक भारत के महावतार बाबाजी | योगी कथामृत | परमहंस योगानन्द,https://www.youtube.com/watch?v=pLJpLiptG-Y,YSS|Hindi|Autobiography of a Yogi |||,,
vzYjOQahF78,Ch33 Autobiography of a Yogi (Kannada) | ಪರಮಹಂಸ ಯೋಗಾನಂದ | ಯೋಗಿಯ ಆತ್ಮಕಥೆ,https://www.youtube.com/watch?v=vzYjOQahF78,YSS|Kannada|Autobiography of a Yogi |||,,
eI4QzSqLR-4,"Ch33 Autobiography of a Yogi (Malayalam) | ബാബാജി, ആധുനികഭാരതത്തിന്റെ മഹാവതാരം | പരമഹംസ യോഗാനന്ദൻ |",https://www.youtube.com/watch?v=eI4QzSqLR-4,YSS|Malayalam|Autobiography of a Yogi |||,,
n_aHFhwCVIQ,Ch33 Autobiography of a Yogi (Nepali) | बाबाजी: आधुनिक भारतका महावतार | परमहंस योगानन्द |,https://www.youtube.com/watch?v=n_aHFhwCVIQ,YSS|Nepali|Autobiography of a Yogi |||,,
4wlIsC8zYoo,Ch33 Autobiography of a Yogi (Tamil) | நவ பாரதத்தின்‌ மகாவதார பாபாஜி | பரமஹம்ஸ யோகானந்தர்,https://www.youtube.com/watch?v=4wlIsC8zYoo,YSS|Tamil|Autobiography of a Yogi |||,,
RFqsJVr1dSM,Ch33 Autobiography of a Yogi (Telugu) | పరమహంస యోగానంద | ఒక యోగి ఆత్మకథ,https://www.youtube.com/watch?v=RFqsJVr1dSM,YSS|Telugu|Autobiography of a Yogi |||,,
AB7f44whSaA,Ch33 Autobiography of a Yogi(Gujarati) | અર્વાચીન ભારતના મહાવતાર બાબાજી |,https://www.youtube.com/watch?v=AB7f44whSaA,YSS|Gujarati|Autobiography of a Yogi |||,,
wcmPchwKVsQ,Ch34 Autobiography of a Yogi (Bengali) | হিমালয়ে প্রাসাদ সৃষ্টি | পরমহংস যোগানন্দ | যোগী-কথামৃত,https://www.youtube.com/watch?v=wcmPchwKVsQ,YSS|Bengali|Autobiography of a Yogi |||,,
9ezNnBsokvQ,Ch34 Autobiography of a Yogi (Hindi) | हिमालय में महल का सृजन | योगी कथामृत | परमहंस योगानन्द,https://www.youtube.com/watch?v=9ezNnBsokvQ,YSS|Hindi|Autobiography of a Yogi |||,,
zy0GmCmfMgE,Ch34 Autobiography of a Yogi (Kannada) | ಹಿಮಾಲಯದಲ್ಲಿ ಅರಮನೆಯ ಸೃಷ್ಟಿ | ಪರಮಹಂಸ ಯೋಗಾನಂದ | ಯೋಗಿಯ ಆತ್ಮಕಥೆ,https://www.youtube.com/watch?v=zy0GmCmfMgE,YSS|Kannada|Autobiography of a Yogi |||,,
DHWDMbcRqFA,Ch34 Autobiography of a Yogi (Malayalam)|ഹിമാലയത്തിൽ ഒരു രമ്യഹർമ്യം സൃഷ്ടിക്കുന്നു |പരമഹംസ യോഗാനന്ദൻ,https://www.youtube.com/watch?v=DHWDMbcRqFA,YSS|Malayalam|Autobiography of a Yogi |||,,
5XBugUyquYY,Ch34 Autobiography of a Yogi (Nepali) | हिमालयमा दरबारको प्रकटीकरण | परमहंस योगानन्द |योगीको आत्मकथा,https://www.youtube.com/watch?v=5XBugUyquYY,YSS|Nepali|Autobiography of a Yogi |||,,
NxIWnb6iBTM,Ch34 Autobiography of a Yogi (Tamil) | இமயத்தில்‌ ஓர்‌ அரண்மனையைத்‌ தோற்றுவித்தல்,https://www.youtube.com/watch?v=NxIWnb6iBTM,YSS|Tamil|Autobiography of a Yogi |||,,
9vS9gLRojk0,Ch34 Autobiography of a Yogi (Telugu) | హిమాలయాల్లో మహాభవన సృష్టి | పరమహంస యోగానంద | ఒక యోగి ఆత్మకథ,https://www.youtube.com/watch?v=9vS9gLRojk0,YSS|Telugu|Autobiography of a Yogi |||,,
w6iAFvZbVdA,Ch34 Autobiography of a Yogi(Gujarati) | હિમાલયમાં મહેલનું નિર્માણ | પરમહંસ યોગાનંદ  | યોગી કથામૃત,https://www.youtube.com/watch?v=w6iAFvZbVdA,YSS|Gujarati|Autobiography of a Yogi |||,,
Dntp_BkhmXM,Ch35 Autobiography of a Yogi (Bengali) | লাহিড়ী মহাশয়ের পুণ্যময় জীবন | পরমহংস যোগানন্দ,https://www.youtube.com/watch?v=Dntp_BkhmXM,YSS|Bengali|Autobiography of a Yogi |||,,
o-6ayajziks,Ch35 Autobiography of a Yogi (Hindi) | लाहिड़ी महाशय का अवतार सदृश जीवन |योगी कथामृत|परमहंस योगानन्द,https://www.youtube.com/watch?v=o-6ayajziks,YSS|Hindi|Autobiography of a Yogi |||,,
k9m4fG8iwzU,Ch35 Autobiography of a Yogi (Kannada) | ಲಾಹಿರಿ ಮಹಾಶಯರ ಪುಣ್ಯಮಯ ಜೀವನ | ಪರಮಹಂಸ ಯೋಗಾನಂದ | ಯೋಗಿಯ ಆತ್ಮಕಥೆ,https://www.youtube.com/watch?v=k9m4fG8iwzU,YSS|Kannada|Autobiography of a Yogi |||,,
0RsqkGYqzgg,Ch35 Autobiography of a Yogi (Malayalam) | ലാഹിരി മഹാശയന്റെ പുണ്യജീവിതം | പരമഹംസ യോഗാനന്ദൻ |,https://www.youtube.com/watch?v=0RsqkGYqzgg,YSS|Malayalam|Autobiography of a Yogi |||,,
sEaX58uWgHc,Ch35 Autobiography of a Yogi (Nepali) | लाहिडी महाशयको प्रभूत जीवन | परमहंस योगानन्द |,https://www.youtube.com/watch?v=sEaX58uWgHc,YSS|Nepali|Autobiography of a Yogi |||,,
YK-oX1ER7rY,Ch35 Autobiography of a Yogi (Tamil) | லாஹரி மகாசயரின்‌ புனித வாழ்க்கை | பரமஹம்ஸ யோகானந்தர்,https://www.youtube.com/watch?v=YK-oX1ER7rY,YSS|Tamil|Autobiography of a Yogi |||,,
396pbnHU4js,Ch35 Autobiography of a Yogi (Telugu) | లాహిరీ మహాశయుల పావన జీవితం | పరమహంస యోగానంద | ఒక యోగి ఆత్మకథ,https://www.youtube.com/watch?v=396pbnHU4js,YSS|Telugu|Autobiography of a Yogi |||,,
UjcvYTxHc60,Ch35 Autobiography of a Yogi(Gujarati) | લાહિરી મહાશયનું ક્રાઈસ્ટ જેવું જીવન  |,https://www.youtube.com/watch?v=UjcvYTxHc60,YSS|Gujarati|Autobiography of a Yogi |||,,
vA620La7QVk,Ch36 Autobiography of a Yogi (Bengali) | বাবাজীর প্রতীচ্যের প্রতি আগ্রহ | পরমহংস যোগানন্দ,https://www.youtube.com/watch?v=vA620La7QVk,YSS|Bengali|Autobiography of a Yogi |||,,
Q5S8BICWUmQ,Ch36 Autobiography of a Yogi (Hindi) | पश्चिम के प्रति बाबाजी की अभिरुचि | योगी कथामृत,https://www.youtube.com/watch?v=Q5S8BICWUmQ,YSS|Hindi|Autobiography of a Yogi |||,,
1dVHuoSVbnE,Ch36 Autobiography of a Yogi (Kannada) | ಪಶ್ಚಿಮದ ಬಗ್ಗೆ ಬಾಬಾಜಿಯ ಒಲವು | ಪರಮಹಂಸ ಯೋಗಾನಂದ | ಯೋಗಿಯ ಆತ್ಮಕಥೆ,https://www.youtube.com/watch?v=1dVHuoSVbnE,YSS|Kannada|Autobiography of a Yogi |||,,
mTE8PacwbyY,Ch36 Autobiography of a Yogi (Malayalam) | പാശ്ചാത്യദേശങ്ങളിൽ ബാബാജിയുടെ താത്പര്യം |പരമഹംസ യോഗാനന്ദൻ,https://www.youtube.com/watch?v=mTE8PacwbyY,YSS|Malayalam|Autobiography of a Yogi |||,,
psVdwR0HixA,Ch36 Autobiography of a Yogi (Nepali) | पश्चिमी देशहरूप्रति बाबाजीको रुचि | परमहंस योगानन्द |,https://www.youtube.com/watch?v=psVdwR0HixA,YSS|Nepali|Autobiography of a Yogi |||,,
5S0Ea0BUQ08,Ch36 Autobiography of a Yogi (Tamil) | மேலை நாடுகளிடம்‌ பாபாஜியின்‌ அக்கறை | பரமஹம்ஸ யோகானந்தர்,https://www.youtube.com/watch?v=5S0Ea0BUQ08,YSS|Tamil|Autobiography of a Yogi |||,,
HQ8Z8kn-b-A,Ch36 Autobiography of a Yogi (Telugu) | పాశ్చాత్యప్రపంచంపట్ల బాబాజీ ఆసక్తి | పరమహంస యోగానంద,https://www.youtube.com/watch?v=HQ8Z8kn-b-A,YSS|Telugu|Autobiography of a Yogi |||,,
VJmDbH7Fgk4,Ch36 Autobiography of a Yogi(Gujarati) | બાબાજી પશ્ચિમની દુનિયામાં રસ લે છે |,https://www.youtube.com/watch?v=VJmDbH7Fgk4,YSS|Gujarati|Autobiography of a Yogi |||,,
EqIL6f8WLAQ,Ch37 Autobiography of a Yogi (Bengali) | আমার আমেরিকা গমন | পরমহংস যোগানন্দ | যোগী-কথামৃত,https://www.youtube.com/watch?v=EqIL6f8WLAQ,YSS|Bengali|Autobiography of a Yogi |||,,
FwnLVGEAXUg,Ch37 Autobiography of a Yogi (Hindi) | मेरा अमेरिका-गमन | योगी कथामृत | परमहंस योगानन्द,https://www.youtube.com/watch?v=FwnLVGEAXUg,YSS|Hindi|Autobiography of a Yogi |||,,
w2k_VEQf-tI,Ch37 Autobiography of a Yogi (Kannada) | ನಾನು ಅಮೆರಿಕಕ್ಕೆ ಹೋದೆ | ಪರಮಹಂಸ ಯೋಗಾನಂದ | ಯೋಗಿಯ ಆತ್ಮಕಥೆ,https://www.youtube.com/watch?v=w2k_VEQf-tI,YSS|Kannada|Autobiography of a Yogi |||,,
2hQC-niSA_s,Ch37 Autobiography of a Yogi (Malayalam) | ഞാൻ അമേരിക്കയിൽ പോകുന്നു | പരമഹംസ യോഗാനന്ദൻ |,https://www.youtube.com/watch?v=2hQC-niSA_s,YSS|Malayalam|Autobiography of a Yogi |||,,
w2twtVjDFsY,Ch37 Autobiography of a Yogi (Nepali) | मेरो अमेरिका यात्रा | परमहंस योगानन्द | योगीको आत्मकथा,https://www.youtube.com/watch?v=w2twtVjDFsY,YSS|Nepali|Autobiography of a Yogi |||,,
wKlJ4zqmmgE,Ch37 Autobiography of a Yogi (Tamil) | நான்‌ அமெரிக்கா செல்கிறேன் | பரமஹம்ஸ யோகானந்தர்,https://www.youtube.com/watch?v=wKlJ4zqmmgE,YSS|Tamil|Autobiography of a Yogi |||,,
rfk-DZYhSsA,Ch37 Autobiography of a Yogi (Telugu) | నా అమెరికా ప్రయాణం | పరమహంస యోగానంద | ఒక యోగి ఆత్మకథ,https://www.youtube.com/watch?v=rfk-DZYhSsA,YSS|Telugu|Autobiography of a Yogi |||,,
0YMu07l3xYw,Ch37 Autobiography of a Yogi(Gujarati) | હું અમેરિકા જાઉં છું | પરમહંસ યોગાનંદ  | યોગી કથામૃત,https://www.youtube.com/watch?v=0YMu07l3xYw,YSS|Gujarati|Autobiography of a Yogi |||,,
BpJMFseqFew,Ch38 Autobiography of a Yogi (Bengali) | লুথার বারব্যাঙ্ক — গোলাপবাগের সাধু | পরমহংস যোগানন্দ,https://www.youtube.com/watch?v=BpJMFseqFew,YSS|Bengali|Autobiography of a Yogi |||,,
qURdLjRcosc,Ch38 Autobiography of a Yogi (Hindi) | लूथर बरबैंक—गुलाबों के बीच एक सन्त | योगी कथामृत,https://www.youtube.com/watch?v=qURdLjRcosc,YSS|Hindi|Autobiography of a Yogi |||,,
ZO_VSMWhvXU,Ch38 Autobiography of a Yogi (Kannada) | ಪರಮಹಂಸ ಯೋಗಾನಂದ | ಯೋಗಿಯ ಆತ್ಮಕಥೆ,https://www.youtube.com/watch?v=ZO_VSMWhvXU,YSS|Kannada|Autobiography of a Yogi |||,,
NmD8jIigmUU,"Ch38 Autobiography of a Yogi (Malayalam) | ലൂതർ ബേർബാങ്ക്, പനിനീർപൂക്കൾക്കിടയിലെ പുണ്യാത്മാവ് |",https://www.youtube.com/watch?v=NmD8jIigmUU,YSS|Malayalam|Autobiography of a Yogi |||,,
45vKznCu4SA,Ch38 Autobiography of a Yogi (Nepali) | लुथर बरब्याङ्क : गुलाफका बिच एक सन्त | परमहंस योगानन्द,https://www.youtube.com/watch?v=45vKznCu4SA,YSS|Nepali|Autobiography of a Yogi |||,,
ImaMPCu1r_U,Ch38 Autobiography of a Yogi (Tamil) | லூதர்‌ பர்பாங்க்‌—ரோஜாக்களின்‌ மத்தியில்‌ ஒரு மகான்,https://www.youtube.com/watch?v=ImaMPCu1r_U,YSS|Tamil|Autobiography of a Yogi |||,,
dhauSpBAc0c,"Ch38 Autobiography of a Yogi (Telugu) | గులాబీల మధ్య సాధువు, లూథర్ బర్బాంక్ | పరమహంస యోగానంద",https://www.youtube.com/watch?v=dhauSpBAc0c,YSS|Telugu|Autobiography of a Yogi |||,,
rFYFT57_BZI,Ch38 Autobiography of a Yogi(Gujarati) | લૂથર બરબેંક — ગુલાબોની વચ્ચે એક સંત  |,https://www.youtube.com/watch?v=rFYFT57_BZI,YSS|Gujarati|Autobiography of a Yogi |||,,
fn07NTbIfVc,Ch39 AOY (Malayalam) | ക്രിസ്തുവിന്റെ തിരുമുറിവുകൾ പ്രകടമാക്കിയ കത്തോലിക്കാവിശുദ്ധ തെറീസ നൊയ്മാൻ,https://www.youtube.com/watch?v=fn07NTbIfVc,YSS|Malayalam||||,,
BO79mh5rhek,Ch39 Autobiography of a Yogi (Bengali) | থেরেসা নোয়ম্যান — খ্রিস্ট ক্ষতাঙ্কধারিণী ক্যাথলিক,https://www.youtube.com/watch?v=BO79mh5rhek,YSS|Bengali|Autobiography of a Yogi |||,,
mZnlAbIjHK8,Ch39 Autobiography of a Yogi (Hindi) | ईसा — क्षतचिह्न — धारिणी कैथोलिक संत टेरेसा नॉयमन,https://www.youtube.com/watch?v=mZnlAbIjHK8,YSS|Hindi|Autobiography of a Yogi |||,,
IkNypp3oANo,Ch39 Autobiography of a Yogi (Kannada) | ಪರಮಹಂಸ ಯೋಗಾನಂದ | ಯೋಗಿಯ ಆತ್ಮಕಥೆ,https://www.youtube.com/watch?v=IkNypp3oANo,YSS|Kannada|Autobiography of a Yogi |||,,
9AubtcRTnwE,"Ch39 Autobiography of a Yogi (Nepali) | थेरेस न्युम्यान, क्राइस्टको घाउको खत भएकी क्याथोलिक सन्त |",https://www.youtube.com/watch?v=9AubtcRTnwE,YSS|Nepali|Autobiography of a Yogi |||,,
m198y7E3xJk,"Ch39 Autobiography of a Yogi (Tamil) | தெரஸே நொய்மன்‌, அருட்‌ காயங்களைத்‌ தாங்கும் கத்தோலிக்க அன்னை",https://www.youtube.com/watch?v=m198y7E3xJk,YSS|Tamil|Autobiography of a Yogi |||,,
uKeCEwno1jk,Ch39 Autobiography of a Yogi (Telugu) | శిలువగాయాలున్న థెరిసా నాయ్మన్ | పరమహంస యోగానంద,https://www.youtube.com/watch?v=uKeCEwno1jk,YSS|Telugu|Autobiography of a Yogi |||,,
KqLeSCBa9GY,Ch39 Autobiography of a Yogi(Gujarati) | થેરેસ નૉયમન— સંવેદનશીલ કેથલિક સંત  |,https://www.youtube.com/watch?v=KqLeSCBa9GY,YSS|Gujarati|Autobiography of a Yogi |||,,
Dv-uXRMMbbA,Ch40 Autobiography of a Yogi (Bengali) | আমার ভারতবর্ষে প্রত্যাবর্তন | পরমহংস যোগানন্দ | যোগী-কথামৃত,https://www.youtube.com/watch?v=Dv-uXRMMbbA,YSS|Bengali|Autobiography of a Yogi |||,,
szbU-7T1QBo,Ch40 Autobiography of a Yogi (Hindi) | मेरा भारत लौटना | योगी कथामृत | परमहंस योगानन्द,https://www.youtube.com/watch?v=szbU-7T1QBo,YSS|Hindi|Autobiography of a Yogi |||,,
W1jqBEoyeZE,Ch40 Autobiography of a Yogi (Kannada) | ನಾನು ಭಾರತಕ್ಕೆ ಹಿಂತಿರುಗಿದೆ | ಪರಮಹಂಸ ಯೋಗಾನಂದ | ಯೋಗಿಯ ಆತ್ಮಕಥೆ,https://www.youtube.com/watch?v=W1jqBEoyeZE,YSS|Kannada|Autobiography of a Yogi |||,,
uvBQBQPAcOE,Ch40 Autobiography of a Yogi (Malayalam) | ഞാൻ ഭാരതത്തിലേക്ക് മടങ്ങുന്നു | പരമഹംസ യോഗാനന്ദൻ |,https://www.youtube.com/watch?v=uvBQBQPAcOE,YSS|Malayalam|Autobiography of a Yogi |||,,
ZklQ0mnpIQU,Ch40 Autobiography of a Yogi (Nepali) | म भारत फर्किएँ | परमहंस योगानन्द | योगीको आत्मकथा,https://www.youtube.com/watch?v=ZklQ0mnpIQU,YSS|Nepali|Autobiography of a Yogi |||,,
DsgYA3sWLrE,Ch40 Autobiography of a Yogi (Tamil) | நான்‌ பாரதம்‌ திரும்புகிறேன் | பரமஹம்ஸ யோகானந்தர்,https://www.youtube.com/watch?v=DsgYA3sWLrE,YSS|Tamil|Autobiography of a Yogi |||,,
0FrCmMB6s1s,Ch40 Autobiography of a Yogi (Telugu) | భారతదేశానికి తిరిగి రాక | పరమహంస యోగానంద | ఒక యోగి ఆత్మకథ,https://www.youtube.com/watch?v=0FrCmMB6s1s,YSS|Telugu|Autobiography of a Yogi |||,,
iu3lpfEL9eE,Ch40 Autobiography of a Yogi(Gujarati) | હું ભારત પાછો ફરું છું | પરમહંસ યોગાનંદ  | યોગી કથામૃત,https://www.youtube.com/watch?v=iu3lpfEL9eE,YSS|Gujarati|Autobiography of a Yogi |||,,
xm3wlJlM1yM,Ch41 Autobiography of a Yogi (Bengali) | দাক্ষিণাত্য ভ্রমণ | পরমহংস যোগানন্দ | যোগী-কথামৃত,https://www.youtube.com/watch?v=xm3wlJlM1yM,YSS|Bengali|Autobiography of a Yogi |||,,
hE0wc9gHpGM,Ch41 Autobiography of a Yogi (Hindi) | दक्षिण भारत में एक काव्यात्मक चित्र | योगी कथामृत,https://www.youtube.com/watch?v=hE0wc9gHpGM,YSS|Hindi|Autobiography of a Yogi |||,,
KtzCqVRzz_c,Ch41 Autobiography of a Yogi (Kannada) | ಪರಮಹಂಸ ಯೋಗಾನಂದ | ಯೋಗಿಯ ಆತ್ಮಕಥೆ,https://www.youtube.com/watch?v=KtzCqVRzz_c,YSS|Kannada|Autobiography of a Yogi |||,,
Hwq8hPPWzcE,Ch41 Autobiography of a Yogi (Malayalam) | ഒരു ദക്ഷിണേന്ത്യൻ പര്യടനഗാഥ | പരമഹംസ യോഗാനന്ദൻ |,https://www.youtube.com/watch?v=Hwq8hPPWzcE,YSS|Malayalam|Autobiography of a Yogi |||,,
fkbW9cx9JeY,Ch41 Autobiography of a Yogi (Nepali) | दक्षिण भारतको काव्यमय दृश्य | परमहंस योगानन्द |,https://www.youtube.com/watch?v=fkbW9cx9JeY,YSS|Nepali|Autobiography of a Yogi |||,,
fhkCH5UFkDc,Ch41 Autobiography of a Yogi (Tamil) | தென்னிந்தியாவில்‌ ஒரு காவியக்‌ காட்சி | பரமஹம்ஸ யோகானந்தர்,https://www.youtube.com/watch?v=fhkCH5UFkDc,YSS|Tamil|Autobiography of a Yogi |||,,
AuY2cdOE2BQ,Ch41 Autobiography of a Yogi (Telugu) | దక్షిణ భారత విహారయాత్ర | పరమహంస యోగానంద | ఒక యోగి ఆత్మకథ,https://www.youtube.com/watch?v=AuY2cdOE2BQ,YSS|Telugu|Autobiography of a Yogi |||,,
5vlcBG_FxDs,Ch41 Autobiography of a Yogi(Gujarati) | દક્ષિણ ભારતમાં એક કાવ્યાત્મક દૃશ્ય |,https://www.youtube.com/watch?v=5vlcBG_FxDs,YSS|Gujarati|Autobiography of a Yogi |||,,
ll5SfKXMM5s,Ch42 Autobiography of a Yogi (Bengali) | গুরুর সঙ্গে শেষ কয়দিন | পরমহংস যোগানন্দ | যোগী-কথামৃত,https://www.youtube.com/watch?v=ll5SfKXMM5s,YSS|Bengali|Autobiography of a Yogi |||,,
V6ycDFVV6QM,Ch42 Autobiography of a Yogi (Hindi) | अपने गुरु के साथ कुछ अंतिम दिन | योगी कथामृत|परमहंस योगानन्द,https://www.youtube.com/watch?v=V6ycDFVV6QM,YSS|Hindi|Autobiography of a Yogi |||,,
MvyYu2snwgY,Ch42 Autobiography of a Yogi (Kannada) | ಗುರುವಿನೊಡನೆ ಕೊನೆಯ ದಿನಗಳು | ಪರಮಹಂಸ ಯೋಗಾನಂದ | ಯೋಗಿಯ ಆತ್ಮಕಥೆ,https://www.youtube.com/watch?v=MvyYu2snwgY,YSS|Kannada|Autobiography of a Yogi |||,,
mIfKlxuTXd8,Ch42 Autobiography of a Yogi (Malayalam) | എന്റെ ഗുരുവിനോടൊത്തുള്ള അന്ത്യദിനങ്ങൾ | പരമഹംസ യോഗാനന്ദൻ,https://www.youtube.com/watch?v=mIfKlxuTXd8,YSS|Malayalam|Autobiography of a Yogi |||,,
1d1BxT1Dddo,Ch42 Autobiography of a Yogi (Nepali) | मेरा गुरुसँगका अन्तिम दिनहरू | परमहंस योगानन्द |,https://www.youtube.com/watch?v=1d1BxT1Dddo,YSS|Nepali|Autobiography of a Yogi |||,,
njFLbFv76gw,Ch42 Autobiography of a Yogi (Tamil) | என்‌ குருவுடன்‌ கழித்த கடைசி நாட்கள் | பரமஹம்ஸ யோகானந்தர்,https://www.youtube.com/watch?v=njFLbFv76gw,YSS|Tamil|Autobiography of a Yogi |||,,
DSDyJKTiA1I,Ch42 Autobiography of a Yogi (Telugu) | గురుదేవులతో చివరి రోజులు | పరమహంస యోగానంద | ఒక యోగి ఆత్మకథ,https://www.youtube.com/watch?v=DSDyJKTiA1I,YSS|Telugu|Autobiography of a Yogi |||,,
NuC3PZb7lNI,Ch42 Autobiography of a Yogi(Gujarati) | મારા ગુરુ સાથેના અંતિમ દિવસો | પરમહંસ યોગાનંદ | યોગી કથામૃત,https://www.youtube.com/watch?v=NuC3PZb7lNI,YSS|Gujarati|Autobiography of a Yogi |||,,
7FmLZlYiS4Q,Ch43 Autobiography of a Yogi (Bengali) | শ্রীযুক্তেশ্বর গিরিজীর পুনরুত্থান | পরমহংস যোগানন্দ,https://www.youtube.com/watch?v=7FmLZlYiS4Q,YSS|Bengali|Autobiography of a Yogi |||,,
vaW3eaRTIJg,Ch43 Autobiography of a Yogi (Hindi) | श्रीयुक्तेश्वरजी का पुनरुत्थान | योगी कथामृत |परमहंस योगानन्द,https://www.youtube.com/watch?v=vaW3eaRTIJg,YSS|Hindi|Autobiography of a Yogi |||,,
it8bBOVJzSo,Ch43 Autobiography of a Yogi (Kannada) | ಶ್ರೀಯುಕ್ತೇಶ್ವರರ ಪುನರುತ್ಥಾನ | ಪರಮಹಂಸ ಯೋಗಾನಂದ | ಯೋಗಿಯ ಆತ್ಮಕಥೆ,https://www.youtube.com/watch?v=it8bBOVJzSo,YSS|Kannada|Autobiography of a Yogi |||,,
umgusD7fuoY,Ch43 Autobiography of a Yogi (Malayalam) | ശ്രീയുക്തേശ്വരന്റെ ഉയിർത്തെഴുന്നേൽപ് | പരമഹംസ യോഗാനന്ദൻ |,https://www.youtube.com/watch?v=umgusD7fuoY,YSS|Malayalam|Autobiography of a Yogi |||,,
zVkvfAys004,Ch43 Autobiography of a Yogi (Nepali) | श्रीयुक्तेश्वरजीको पुनरुत्थान | परमहंस योगानन्द |,https://www.youtube.com/watch?v=zVkvfAys004,YSS|Nepali|Autobiography of a Yogi |||,,
u2gT4aMx2yI,Ch43 Autobiography of a Yogi (Tamil) | ஸ்ரீ யுக்தேஸ்வர்‌ மீண்டும்‌ உயிர்த்தெழுகிறார்,https://www.youtube.com/watch?v=u2gT4aMx2yI,YSS|Tamil|Autobiography of a Yogi |||,,
Ie0g5JvmrHA,Ch43 Autobiography of a Yogi (Telugu) | శ్రీయుక్తేశ్వర్గారి పునరుత్థానం | పరమహంస యోగానంద,https://www.youtube.com/watch?v=Ie0g5JvmrHA,YSS|Telugu|Autobiography of a Yogi |||,,
k7iW4c6ETEc,Ch43 Autobiography of a Yogi(Gujarati)| શ્રી યુક્તેશ્વરજીનું પુનરુત્થાન |પરમહંસ યોગાનંદ |યોગી કથામૃત,https://www.youtube.com/watch?v=k7iW4c6ETEc,YSS|Gujarati|Autobiography of a Yogi |||,,
G2XNLJU7ghE,Ch44 Autobiography of a Yogi (Bengali) | ওয়ার্ধায় মহাত্মা গান্ধীর সঙ্গে | পরমহংস যোগানন্দ,https://www.youtube.com/watch?v=G2XNLJU7ghE,YSS|Bengali|Autobiography of a Yogi |||,,
HUZPtvLQoEc,Ch44 Autobiography of a Yogi (Hindi) | महात्मा गांधी के साथ वर्धा में | योगी कथामृत |परमहंस योगानन्द,https://www.youtube.com/watch?v=HUZPtvLQoEc,YSS|Hindi|Autobiography of a Yogi |||,,
Gc9oBrgmVbY,Ch44 Autobiography of a Yogi (Kannada) | ಪರಮಹಂಸ ಯೋಗಾನಂದ | ಯೋಗಿಯ ಆತ್ಮಕಥೆ,https://www.youtube.com/watch?v=Gc9oBrgmVbY,YSS|Kannada|Autobiography of a Yogi |||,,
mKxk4teuGFo,Ch44 Autobiography of a Yogi (Malayalam) | മഹാത്മാഗാന്ധിയോടൊപ്പം വർധായിൽ | പരമഹംസ യോഗാനന്ദൻ |,https://www.youtube.com/watch?v=mKxk4teuGFo,YSS|Malayalam|Autobiography of a Yogi |||,,
I0gtUJj4y54,Ch44 Autobiography of a Yogi (Nepali) | महात्मा गान्धीसँग वर्धामा | परमहंस योगानन्द | योगीको आत्मकथा,https://www.youtube.com/watch?v=I0gtUJj4y54,YSS|Nepali|Autobiography of a Yogi |||,,
H0CxgKlDOGc,Ch44 Autobiography of a Yogi (Tamil) | வார்தாவில்‌ மகாத்மா காந்தியுடன் | பரமஹம்ஸ யோகானந்தர்,https://www.youtube.com/watch?v=H0CxgKlDOGc,YSS|Tamil|Autobiography of a Yogi |||,,
dCrivFqHHyM,Ch44 Autobiography of a Yogi (Telugu) | గాంధీమహాత్ములతో వార్ధాలో | పరమహంస యోగానంద | ఒక యోగి ఆత్మకథ,https://www.youtube.com/watch?v=dCrivFqHHyM,YSS|Telugu|Autobiography of a Yogi |||,,
3REZNkjROJ8,Ch44 Autobiography of a Yogi(Gujarati) | મહાત્મા ગાંધી સાથે વર્ધામાં  | પરમહંસ યોગાનંદ | યોગી કથામૃત,https://www.youtube.com/watch?v=3REZNkjROJ8,YSS|Gujarati|Autobiography of a Yogi |||,,
COkXVEnGHeQ,Ch45 Autobiography of a Yogi (Bengali) | বাঙ্গলার “আনন্দময়ী মা” | পরমহংস যোগানন্দ | যোগী-কথামৃত,https://www.youtube.com/watch?v=COkXVEnGHeQ,YSS|Bengali|Autobiography of a Yogi |||,,
b4SI9cjxPuA,Ch45 Autobiography of a Yogi (Hindi) | बंगाल की आनन्दमयी माँ | योगी कथामृत | परमहंस योगानन्द,https://www.youtube.com/watch?v=b4SI9cjxPuA,YSS|Hindi|Autobiography of a Yogi |||,,
cArtQOoIcAo,Ch45 Autobiography of a Yogi (Kannada) | ಬಂಗಾಳದ ಆನಂದಮಯೀ ಮಾ | ಪರಮಹಂಸ ಯೋಗಾನಂದ | ಯೋಗಿಯ ಆತ್ಮಕಥೆ,https://www.youtube.com/watch?v=cArtQOoIcAo,YSS|Kannada|Autobiography of a Yogi |||,,
Ryw-slFXIU8,Ch45 Autobiography of a Yogi (Malayalam) | ബംഗാളിയായ “ആനന്ദമയീ മാ” | പരമഹംസ യോഗാനന്ദൻ |,https://www.youtube.com/watch?v=Ryw-slFXIU8,YSS|Malayalam|Autobiography of a Yogi |||,,
5TTQYnutWWY,Ch45 Autobiography of a Yogi (Nepali) | बङ्गालकी ‘आनन्दमयी माता’ | परमहंस योगानन्द | योगीको आत्मकथा,https://www.youtube.com/watch?v=5TTQYnutWWY,YSS|Nepali|Autobiography of a Yogi |||,,
mpp_86gYk3E,Ch45 Autobiography of a Yogi (Tamil) | வங்காளத்தின்‌ ஆனந்த மயீ அன்னை | பரமஹம்ஸ யோகானந்தர்,https://www.youtube.com/watch?v=mpp_86gYk3E,YSS|Tamil|Autobiography of a Yogi |||,,
Oj_ZdieE16U,Ch45 Autobiography of a Yogi (Telugu) | బెంగాలీ “ఆనందమయి మాత” | పరమహంస యోగానంద | ఒక యోగి ఆత్మకథ,https://www.youtube.com/watch?v=Oj_ZdieE16U,YSS|Telugu|Autobiography of a Yogi |||,,
9XaMVdI7UE4,Ch45 Autobiography of a Yogi(Gujarati) | બંગાળનાં આનંદમયી મા  | પરમહંસ યોગાનંદ  | યોગી કથામૃત,https://www.youtube.com/watch?v=9XaMVdI7UE4,YSS|Gujarati|Autobiography of a Yogi |||,,
orXElW8hNrY,Ch46 Autobiography of a Yogi (Bengali)| নিরাহারা যোগিনী ( গিরিবালা ) | পরমহংস যোগানন্দ | যোগী-কথামৃত,https://www.youtube.com/watch?v=orXElW8hNrY,YSS|Bengali|Autobiography of a Yogi |||,,
qKFO-itp2Co,Ch46 Autobiography of a Yogi (Hindi) | निराहारी योगिनी | योगी कथामृत | परमहंस योगानन्द,https://www.youtube.com/watch?v=qKFO-itp2Co,YSS|Hindi|Autobiography of a Yogi |||,,
4WPc5tr1gqA,Ch46 Autobiography of a Yogi (Kannada) | ನಿರಾಹಾರ ಯೋಗಿನಿ (ಗಿರಿ ಬಾಲಾ) | ಪರಮಹಂಸ ಯೋಗಾನಂದ | ಯೋಗಿಯ ಆತ್ಮಕಥೆ,https://www.youtube.com/watch?v=4WPc5tr1gqA,YSS|Kannada|Autobiography of a Yogi |||,,
WNnkbZVE4Tk,Ch46 Autobiography of a Yogi (Malayalam) | നിരാഹാരയായ യോഗിനി | പരമഹംസ യോഗാനന്ദൻ |ഒരു യോഗിയുടെ ആത്മകഥ,https://www.youtube.com/watch?v=WNnkbZVE4Tk,YSS|Malayalam|Autobiography of a Yogi |||,,
PbqECzLioN4,Ch46 Autobiography of a Yogi (Nepali) | निराहारी महिला सन्त | परमहंस योगानन्द | योगीको आत्मकथा,https://www.youtube.com/watch?v=PbqECzLioN4,YSS|Nepali|Autobiography of a Yogi |||,,
Lx1anDWus9w,Ch46 Autobiography of a Yogi (Tamil) | என்றும்‌ உணவு உட்கொள்ளாத யோகினி (கிரி பாலா),https://www.youtube.com/watch?v=Lx1anDWus9w,YSS|Tamil|Autobiography of a Yogi |||,,
pJuh3v_tkdw,Ch46 Autobiography of a Yogi (Telugu) | నిరాహారయోగిని | పరమహంస యోగానంద | ఒక యోగి ఆత్మకథ,https://www.youtube.com/watch?v=pJuh3v_tkdw,YSS|Telugu|Autobiography of a Yogi |||,,
Fb2f3Ngjlug,Ch46 Autobiography of a Yogi(Gujarati) | નિરાહારી યોગિની  | પરમહંસ યોગાનંદ  | યોગી કથામૃત,https://www.youtube.com/watch?v=Fb2f3Ngjlug,YSS|Gujarati|Autobiography of a Yogi |||,,
AAoBPG6zMuc,Ch47 Autobiography of a Yogi (Bengali) | আমেরিকায় প্রত্যাবর্তন | পরমহংস যোগানন্দ | যোগী-কথামৃত,https://www.youtube.com/watch?v=AAoBPG6zMuc,YSS|Bengali|Autobiography of a Yogi |||,,
mMxpQUthuCM,Ch47 Autobiography of a Yogi (Hindi) | मैं पश्चिम लौटता हूँ | योगी कथामृत | परमहंस योगानन्द,https://www.youtube.com/watch?v=mMxpQUthuCM,YSS|Hindi|Autobiography of a Yogi |||,,
NfnYgVMSVT0,Ch47 Autobiography of a Yogi (Kannada)| ನಾನು ಪಶ್ಚಿಮಕ್ಕೆ ಹಿಂತಿರುಗಿದೆ | ಪರಮಹಂಸ ಯೋಗಾನಂದ | ಯೋಗಿಯ ಆತ್ಮಕಥೆ,https://www.youtube.com/watch?v=NfnYgVMSVT0,YSS|Kannada|Autobiography of a Yogi |||,,
cVtvRFueZfg,Ch47 Autobiography of a Yogi (Malayalam) | ഞാൻ പാശ്ചാത്യദേശത്തേക്ക് മടങ്ങുന്നു | പരമഹംസ യോഗാനന്ദൻ |,https://www.youtube.com/watch?v=cVtvRFueZfg,YSS|Malayalam|Autobiography of a Yogi |||,,
HD911H2JFag,Ch47 Autobiography of a Yogi (Nepali) | म पश्चिम फर्किएँ | परमहंस योगानन्द | योगीको आत्मकथा,https://www.youtube.com/watch?v=HD911H2JFag,YSS|Nepali|Autobiography of a Yogi |||,,
7rm-dXCxU-Y,Ch47 Autobiography of a Yogi (Tamil) | நான்‌ மேலை நாட்டிற்குத்‌ திரும்புகிறேன் | பரமஹம்ஸ யோகானந்தர்,https://www.youtube.com/watch?v=7rm-dXCxU-Y,YSS|Tamil|Autobiography of a Yogi |||,,
pKPOTYsCgTQ,Ch47 Autobiography of a Yogi (Telugu) | పడమటికి నా తిరుగు ప్రయాణం | పరమహంస యోగానంద | ఒక యోగి ఆత్మకథ,https://www.youtube.com/watch?v=pKPOTYsCgTQ,YSS|Telugu|Autobiography of a Yogi |||,,
qXQEDcii-IQ,Ch47 Autobiography of a Yogi(Gujarati)| હું પશ્ચિમ તરફ પાછો ફરું છું  | પરમહંસ યોગાનંદ | યોગી કથામૃત,https://www.youtube.com/watch?v=qXQEDcii-IQ,YSS|Gujarati|Autobiography of a Yogi |||,,
ebN0JKGBNuI,Ch48 Autobiography of a Yogi (Bengali)| ক্যালিফোর্ণিয়ার এন্সিনিটাসে | পরমহংস যোগানন্দ | যোগী-কথামৃত,https://www.youtube.com/watch?v=ebN0JKGBNuI,YSS|Bengali|Autobiography of a Yogi |||,,
Ay9i4MxK3Q0,Ch48 Autobiography of a Yogi (Hindi) | एन्सिनीटस (कैलिफोर्निया) में | योगी कथामृत | परमहंस योगानन्द,https://www.youtube.com/watch?v=Ay9i4MxK3Q0,YSS|Hindi|Autobiography of a Yogi |||,,
fwtDWiyE7rE,Ch48 Autobiography of a Yogi (Kannada) | ಪರಮಹಂಸ ಯೋಗಾನಂದ | ಯೋಗಿಯ ಆತ್ಮಕಥೆ,https://www.youtube.com/watch?v=fwtDWiyE7rE,YSS|Kannada|Autobiography of a Yogi |||,,
kw-HS-428Ew,Ch48 Autobiography of a Yogi (Malayalam) | കാലിഫോർണിയയിലെ എൻസിനിറ്റാസിൽ | പരമഹംസ യോഗാനന്ദൻ |,https://www.youtube.com/watch?v=kw-HS-428Ew,YSS|Malayalam|Autobiography of a Yogi |||,,
Vufvy9AlIA4,"Ch48 Autobiography of a Yogi (Nepali) | क्यालिफोर्निया, एन्सिनिटासमा | परमहंस योगानन्द |",https://www.youtube.com/watch?v=Vufvy9AlIA4,YSS|Nepali|Autobiography of a Yogi |||,,
Vw82zLvrvfk,Ch48 Autobiography of a Yogi (Tamil) | கலிஃபோர்னியாவிலுள்ள என்ஸினிடஸில் | பரமஹம்ஸ யோகானந்தர்,https://www.youtube.com/watch?v=Vw82zLvrvfk,YSS|Tamil|Autobiography of a Yogi |||,,
db1rtwtzcoM,Ch48 Autobiography of a Yogi (Telugu) | కాలిఫోర్నియాలోని ఎన్సినీటస్లో | పరమహంస యోగానంద,https://www.youtube.com/watch?v=db1rtwtzcoM,YSS|Telugu|Autobiography of a Yogi |||,,
cqWu5jhqhGA,Ch48 Autobiography of a Yogi(Gujarati)|કેલિફોર્નયાના એન્સીનીટાસ શહેરમાં| પરમહંસ યોગાનંદ |યોગી કથામૃત,https://www.youtube.com/watch?v=cqWu5jhqhGA,YSS|Gujarati|Autobiography of a Yogi |||,,
NQ3LDSskr5c,Ch49 Autobiography of a Yogi (Bengali) | সন ১৯৪০ — ১৯৫১ | পরমহংস যোগানন্দ | যোগী-কথামৃত,https://www.youtube.com/watch?v=NQ3LDSskr5c,YSS|Bengali|Autobiography of a Yogi |||,,
vObf4GMC2nQ,Ch49 Autobiography of a Yogi (Hindi) | 1940—1951 की अवधि | योगी कथामृत | परमहंस योगानन्द,https://www.youtube.com/watch?v=vObf4GMC2nQ,YSS|Hindi|Autobiography of a Yogi |||,,
tE7U1_iWtvY,Ch49 Autobiography of a Yogi (Kannada)| 1940 ರಿಂದ 1951ರ ವರೆಗಿನ ಅವಧಿ | ಪರಮಹಂಸ ಯೋಗಾನಂದ | ಯೋಗಿಯ ಆತ್ಮಕಥೆ,https://www.youtube.com/watch?v=tE7U1_iWtvY,YSS|Kannada|Autobiography of a Yogi |||,,
hdOMFwBrhRc,Ch49 Autobiography of a Yogi (Malayalam) | 1940 മുതൽ 1951 വരെ |പരമഹംസ യോഗാനന്ദൻ |ഒരു യോഗിയുടെ ആത്മകഥ,https://www.youtube.com/watch?v=hdOMFwBrhRc,YSS|Malayalam|Autobiography of a Yogi |||,,
0Gs3o8Pfg5M,Ch49 Autobiography of a Yogi (Nepali) | वर्ष १९४० — १९५१ को अवधि | परमहंस योगानन्द | योगीको आत्मकथा,https://www.youtube.com/watch?v=0Gs3o8Pfg5M,YSS|Nepali|Autobiography of a Yogi |||,,
XuoGl0mDw0c,Ch49 Autobiography of a Yogi (Tamil) | 1940 – 1951 ஆண்டுகள் | பரமஹம்ஸ யோகானந்தர்,https://www.youtube.com/watch?v=XuoGl0mDw0c,YSS|Tamil|Autobiography of a Yogi |||,,
LPBRXGxOsMM,Ch49 Autobiography of a Yogi (Telugu) | 1940-1951 మధ్యకాలం | పరమహంస యోగానంద | ఒక యోగి ఆత్మకథ,https://www.youtube.com/watch?v=LPBRXGxOsMM,YSS|Telugu|Autobiography of a Yogi |||,,
x1Z8Fliq1EE,Ch49 Autobiography of a Yogi(Gujarati) | ૧૯૪૦ –૧૯૫૧નાં વર્ષો  | પરમહંસ યોગાનંદ  | યોગી કથામૃત,https://www.youtube.com/watch?v=x1Z8Fliq1EE,YSS|Gujarati|Autobiography of a Yogi |||,,
jL_sUQhoEu0,Change Your Habits | How-to-Live Talk With Meditation,https://www.youtube.com/watch?v=jL_sUQhoEu0,SRF|||| How-to-Live|,,
_R3w08OjzJQ,Change Your Thoughts — Change Your Life | How-to-Live Inspirational Service,https://www.youtube.com/watch?v=_R3w08OjzJQ,SRF|||| How-to-Live|,,
cd2l4t7Hur8,Change Yourself Through Yoga | International Day of Yoga Talk and Guided Meditation,https://www.youtube.com/watch?v=cd2l4t7Hur8,SRF|||| International Day of Yoga |Guided Meditation|,,
uqgzXa9iuzc,Chanting Highlights From “The Divine Art of Music” 100th Anniversary Event,https://www.youtube.com/watch?v=uqgzXa9iuzc,SRF|||||,,
O62LQLdeV6I,Choosing to Be a Conqueror — That Is the Remedy! | Brother Chidananda,https://www.youtube.com/watch?v=O62LQLdeV6I,SRF|||| Brother Chidananda|,,
u-NbwY2-3ZY,Choosing to Be Happy | How-to-Live Talk With Meditation,https://www.youtube.com/watch?v=u-NbwY2-3ZY,SRF|||| How-to-Live|,,
Tw7ILifQ11U,Christ Consciousness – The Goal for Each One of Us | Brother Chidananda,https://www.youtube.com/watch?v=Tw7ILifQ11U,SRF|||| Brother Chidananda|,,
VIYeJ41DOdU,City of Los Angeles Honors Self-Realization Fellowship’s Centennial,https://www.youtube.com/watch?v=VIYeJ41DOdU,SRF|||||,,
0cOovaflQU0,"Commemorating Mahatma Gandhi, the “Simple Saint of Truth”",https://www.youtube.com/watch?v=0cOovaflQU0,SRF|||||,,
3lYWHeTjG1I,Compassion and Understanding: Cornerstones of Spiritual Living | How-to-Live Inspirational Talk,https://www.youtube.com/watch?v=3lYWHeTjG1I,SRF|||| How-to-Live|,,
4SIa520I89Y,Concentration: Key to Communion With God| How-to-Live Talk With Meditation,https://www.youtube.com/watch?v=4SIa520I89Y,SRF|||| How-to-Live|,,
IK7N3-LIWoA,Controlling the Power of Habits | How-to-Live Talk With Meditation,https://www.youtube.com/watch?v=IK7N3-LIWoA,SRF|||| How-to-Live|,,
THK8N728BMo,Coping With Life’s Challenges | Swami Smaranananda Giri,https://www.youtube.com/watch?v=THK8N728BMo,YSS|||| Swami Smaranananda Giri|,,
g0ww8GmLsv4,Coping With Life’s Tests | Sri Mrinalini Mata,https://www.youtube.com/watch?v=g0ww8GmLsv4,SRF|||| Sri Mrinalini Mata|,,
Fklyaxk6tZE,"Courage, Strength, and Power to Conquer | Swami Chidananda Giri",https://www.youtube.com/watch?v=Fklyaxk6tZE,YSS|||| Swami Chidananda Giri|,,
dIeBGqAWfKg,Creating a Meaningful Personal Relationship With God | How-to-Live Inspirational Talk,https://www.youtube.com/watch?v=dIeBGqAWfKg,SRF|||| How-to-Live|,,
xA6sVpjhmoc,Creating an Inner Environment for Success | आन्तरिक परिवेश का निर्माण करना | Guided Meditation,https://www.youtube.com/watch?v=xA6sVpjhmoc,YSS|||||,,
u13FuIPUPmA,Creating Lasting Happiness | How-to-Live Talk | Brahmani Mai,https://www.youtube.com/watch?v=u13FuIPUPmA,SRF|||| How-to-Live|Brahmani Mai,,
WmSCjqnUMpw,Creating World Unity Through Yoga Meditation | How-to-Live Talk with Meditation,https://www.youtube.com/watch?v=WmSCjqnUMpw,SRF|||| How-to-Live|,,
PaNngy76hK4,Creating Your Spiritual Environment | Brother Anandamoy,https://www.youtube.com/watch?v=PaNngy76hK4,SRF|||| Brother Anandamoy|,,
KPoMvebaJzw,Cultivating a Close Relationship With God | How-to-Live Talk With Meditation,https://www.youtube.com/watch?v=KPoMvebaJzw,SRF|||| How-to-Live|,,
xBNYFdU8skA,Cultivating Deeper Faith | How-to-Live Inspirational Service,https://www.youtube.com/watch?v=xBNYFdU8skA,SRF|||| How-to-Live|,,
hcWLrxTq1GU,Cultivating Faith and Inner Strength in Today’s World | How-to-Live Talk with Meditation,https://www.youtube.com/watch?v=hcWLrxTq1GU,SRF|||| How-to-Live|,,
wwTZuwt7-oI,Cultivating Peace for Ourselves and the World | A 12-Minute Guided Meditation,https://www.youtube.com/watch?v=wwTZuwt7-oI,SRF||||Guided Meditation|,,
VaLujQtwicY,Cultivating Spiritual Enthusiasm (How-to-Live Inspirational Service),https://www.youtube.com/watch?v=VaLujQtwicY,SRF|||||,,
BlacVjqFMPE,Cultivating the Divine Qualities That Lead to Self-realization | How-to-Live Inspirational Talk,https://www.youtube.com/watch?v=BlacVjqFMPE,SRF|||| How-to-Live|,,
er2JvYgRW2c,Deepen Your Meditations—Let Go of the Drama | Guided meditation and inspirational talk,https://www.youtube.com/watch?v=er2JvYgRW2c,SRF|||| Guided Meditation|,,
SzyFOSp2FAw,Destellos de inspiración - Agenda fotográfica 2017,https://www.youtube.com/watch?v=SzyFOSp2FAw,SRF||||Destellos de inspiración |,,
k8FHX8G-Zow,Destellos de inspiración - Agenda fotográfica 2018,https://www.youtube.com/watch?v=k8FHX8G-Zow,SRF||||Destellos de inspiración |,,
4mEsIsmuvDA,Destellos de inspiración - Agenda fotográfica 2019,https://www.youtube.com/watch?v=4mEsIsmuvDA,SRF||||Destellos de inspiración |,,
ow1Aki_bxOs,Destellos de inspiración - Agenda fotográfica 2021,https://www.youtube.com/watch?v=ow1Aki_bxOs,SRF||||Destellos de inspiración |,,
519r-Nzz8I0,Destellos de inspiración - Agenda fotográfica 2022,https://www.youtube.com/watch?v=519r-Nzz8I0,SRF||||Destellos de inspiración |,,
fdueSm8sXmI,Destellos de inspiración - Agenda fotográfica 2023,https://www.youtube.com/watch?v=fdueSm8sXmI,SRF||||Destellos de inspiración |,,
ySTqQ_rTgIA,Destellos de inspiración - Agenda fotográfica 2024,https://www.youtube.com/watch?v=ySTqQ_rTgIA,SRF||||Destellos de inspiración |,,
G-h0_mkQERE,Destellos de inspiración – Agenda fotográfica 2016,https://www.youtube.com/watch?v=G-h0_mkQERE,SRF||||Destellos de inspiración |,,
pE3iJRO6TN0,Destellos de inspiración – Agenda fotográfica 2020,https://www.youtube.com/watch?v=pE3iJRO6TN0,SRF||||Destellos de inspiración |,,
PWkjPRwTTyM,Destellos de inspiración Agenda fotográfica 2015,https://www.youtube.com/watch?v=PWkjPRwTTyM,SRF||||Destellos de inspiración |,,
oRc2SdEdG8g,Developing a Moment-to-Moment Relationship With God | How-to-Live Inspirational Series,https://www.youtube.com/watch?v=oRc2SdEdG8g,SRF|||| How-to-Live|,,
KmiJ3UP0ca4,Developing an Unconquerable Will - Part 1,https://www.youtube.com/watch?v=KmiJ3UP0ca4,SRF||||Unconquerable Will |,,
SH9JLTUPxoQ,Developing an Unconquerable Will - Part 2,https://www.youtube.com/watch?v=SH9JLTUPxoQ,SRF||||Unconquerable Will |,,
9WuQ2Iy4IwU,Developing an Unconquerable Will - Part 3,https://www.youtube.com/watch?v=9WuQ2Iy4IwU,SRF||||Unconquerable Will |,,
tgJWWDdk9yI,Developing an Unconquerable Will | How-to-Live Inspirational Talk,https://www.youtube.com/watch?v=tgJWWDdk9yI,SRF|||| How-to-Live|,,
4crBQ4PJXuc,Developing Dynamic Will Power | How-to-Live Talk With Meditation,https://www.youtube.com/watch?v=4crBQ4PJXuc,SRF|||| How-to-Live|,,
rlFrl39zJDc,Developing the Invincible Power of Initiative | How-to-Live Talk With Meditation,https://www.youtube.com/watch?v=rlFrl39zJDc,SRF|||| How-to-Live|,,
GAFdymcD-Yc,Devotional Kirtan Session by YSS Monastics,https://www.youtube.com/watch?v=GAFdymcD-Yc,YSS|Hindi||Kirtan|Kirtan|,,
6KVDM4n3uz4,Dharma — The Path of Virtue That Leads to God | How-to-Live Inspirational Service,https://www.youtube.com/watch?v=6KVDM4n3uz4,SRF|||| How-to-Live|,,
8Cd0KpyGbxM,Discovering Our Immortal Nature | How-to-Live Talk With Meditation,https://www.youtube.com/watch?v=8Cd0KpyGbxM,SRF|||| How-to-Live|,,
sNtBnRTknAs,Discovering the Lasting Happiness of Your Soul | How-to-Live Talk With Meditation,https://www.youtube.com/watch?v=sNtBnRTknAs,SRF|||| How-to-Live|,,
xqhwifE3H2Q,Do We Live One or Many Lives? | How-to-Live Talk With Meditation,https://www.youtube.com/watch?v=xqhwifE3H2Q,SRF|||| How-to-Live|,,
c1NEU9XFFj0,Drawing Divine Energy From Our Oneness With God | Brother Chidananda,https://www.youtube.com/watch?v=c1NEU9XFFj0,SRF|||| Brother Chidananda|,,
TjKlQKEjl1w,Effort is Progress | Spiritual Discourse by Swami Suddhananda Giri — in English,https://www.youtube.com/watch?v=TjKlQKEjl1w,YSS||||Swami Suddhananda Giri|,,
MwcKgyE9sW0,Einführung in die geleiteten Meditationen,https://www.youtube.com/watch?v=MwcKgyE9sW0,SRF||||geleiteten Meditationen|,,
qeKu3DsfJiY,El vino del místico - El Rubaiyat de Omar Khayyam,https://www.youtube.com/watch?v=qeKu3DsfJiY,SRF||||Omar Khayyam|,,
DI1YMZl2fC0,Embracing Our Spiritual Resilience | How‑to‑Live Inspirational Talk,https://www.youtube.com/watch?v=DI1YMZl2fC0,SRF|||| How‑to‑Live|,,
SRRgX91jDZ4,Excerpts From the Launch Event for the New Edition of the Self-Realization Fellowship Lessons,https://www.youtube.com/watch?v=SRRgX91jDZ4,SRF||||Lessons|,,
003CB_fqytw,Expanding Our Awareness of God | How-to-Live Talk With Meditation,https://www.youtube.com/watch?v=003CB_fqytw,SRF|||| How-to-Live|,,
dv1vVf-Txp4,Expanding Our Love for Others and for God (How-to-Live Inspirational Talk),https://www.youtube.com/watch?v=dv1vVf-Txp4,SRF||||Expanding Our Love|,,
HN_5WhZ3TCo,Expansion of Consciousness | चेतना का विस्तार | Guided Meditation,https://www.youtube.com/watch?v=HN_5WhZ3TCo,YSS|||| Consciousness | Guided Meditation,,
axJ9zXVdiEM,Experiencing God Within | Brother Anandamoy,https://www.youtube.com/watch?v=axJ9zXVdiEM,SRF|||| Brother Anandamoy|,,
LiwP1a3OWGU,Experiencing the Inner Harmony — Questions and Answers About Spiritual Living | Talk With Meditation,https://www.youtube.com/watch?v=LiwP1a3OWGU,SRF|English|How-to-Live|Brother Satyananda|SRF Monastics|,completed,Brother Satyananda
HW38e95147A,Experiencing the Nature of the Soul | How-to-Live Talk With Meditation,https://www.youtube.com/watch?v=HW38e95147A,SRF|||| How-to-Live|,,
9CIbB3Rf5nY,Experiencing the Unconditional Love of God | Sri Daya Mata,https://www.youtube.com/watch?v=9CIbB3Rf5nY,SRF|||| Sri Daya Mata|,,
BPtS6HjwxcA,Facing Life With a Spiritual Perspective | How-to-Live Talk With Meditation,https://www.youtube.com/watch?v=BPtS6HjwxcA,SRF|||| How-to-Live|,,
LUWzK3dqlqg,Facing Life’s Challenges With Courage and Faith | How-to-Live Inspirational Service,https://www.youtube.com/watch?v=LUWzK3dqlqg,SRF|||| How-to-Live|,,
4ikMXCq83Y0,Faith — A Cornerstone of Spiritual Living | How-to-Live Inspirational Service,https://www.youtube.com/watch?v=4ikMXCq83Y0,SRF|||| How-to-Live|,,
IVaQZIue-Pc,Faith — Learning to Express the Unerring Intuition Within Us | How-to-Live Inspirational Talk,https://www.youtube.com/watch?v=IVaQZIue-Pc,SRF|||| How-to-Live|,,
a56Iq9GonTI,"Finding a Unity Deeper Than Race, Color, or Creed | SRF/YSS President Brother Chidananda",https://www.youtube.com/watch?v=a56Iq9GonTI,SRF|||| Brother Chidananda|,,
RQ3mY-imSiI,Finding Complete Fulfillment in God | Sri Daya Mata,https://www.youtube.com/watch?v=RQ3mY-imSiI,SRF|||| Sri Daya Mata|,,
fiQaPqrI4Zo,Finding God in Family Life | How-to-Live Talk With Meditation,https://www.youtube.com/watch?v=fiQaPqrI4Zo,SRF|||| How-to-Live|,,
sekbhpqWzYM,Finding Joy in Plain Living and High Thinking | How-to-Live Talk With Meditation,https://www.youtube.com/watch?v=sekbhpqWzYM,SRF|||| How-to-Live|,,
8T_gBpCHHPQ,Finding Joy in Seeking God Together | Give Me Thy Heart: The Life of SRF Monks,https://www.youtube.com/watch?v=8T_gBpCHHPQ,SRF|||| Give Me Thy Heart: The Life of SRF Monks|,,
PgC2DJ2t9Vg,Finding Soul Guidance to Navigate the Maze of Life’s Experiences | How-to-Live Inspirational Talk,https://www.youtube.com/watch?v=PgC2DJ2t9Vg,SRF|||| How-to-Live|,,
hVRZTyiaJfE,Finding Spiritual Balance in Your Life | How-to-Live Inspirational Service,https://www.youtube.com/watch?v=hVRZTyiaJfE,SRF|||| How-to-Live|,,
H4vW6wU4ig8,Finding Your Inner Strength | How-to-Live Talk With Meditation,https://www.youtube.com/watch?v=H4vW6wU4ig8,SRF|||| How-to-Live|,,
tBD7Fq5y4_I,Finding Your Role in Life | How-to-Live Talk With Meditation,https://www.youtube.com/watch?v=tBD7Fq5y4_I,SRF|||| How-to-Live|,,
WjKp9YdRY6s,Flooding Our Consciousness With Divine Enthusiasm | Brother Chidananda,https://www.youtube.com/watch?v=WjKp9YdRY6s,SRF|||| Brother Chidananda|,,
PihvJmpnl9M,Forging Divine Consciousness in the Fires of Daily Existence | How-to-Live Inspirational Talk,https://www.youtube.com/watch?v=PihvJmpnl9M,SRF|||| How-to-Live|,,
zq9ryh2_Nb8,Forgiveness—Experiencing the Compassion of God,https://www.youtube.com/watch?v=zq9ryh2_Nb8,SRF||||Forgiveness|,,
1IH7-2qTWxo,Fulfilling the Highest Purpose of Life | Swami Vishwananda Giri,https://www.youtube.com/watch?v=1IH7-2qTWxo,YSS|||| Swami Vishwananda Giri|,,
qZQFm856Coc,Fulfilling the Soul’s Deepest Needs | Sri Daya Mata,https://www.youtube.com/watch?v=qZQFm856Coc,SRF|||| Sri Daya Mata|,,
gwZKMiKSlTo,Gaining the Wealth of Inner Happiness | How-to-Live Talk With Meditation,https://www.youtube.com/watch?v=gwZKMiKSlTo,SRF|English|How-to-Live|Brother Padmananda|SRF Monastics|,completed,Brother Padmananda
PuABrTpKuXg,Gaining the Wealth of Inner Happiness | How-to-Live Talk With Meditation,https://www.youtube.com/watch?v=PuABrTpKuXg,SRF|||| How-to-Live|,,
5HmytO8JPkQ,Geführte Meditation der Self-Realization Fellowship über »Frieden«,https://www.youtube.com/watch?v=5HmytO8JPkQ,SRF||||Geführte Meditation|,,
Mt0NFL5syt8,Geführte Meditation der Self-Realization Fellowship über »Gott als Licht«,https://www.youtube.com/watch?v=Mt0NFL5syt8,SRF||||Geführte Meditation|,,
RRz7lWA7blA,Geführte Meditation der Self-Realization Fellowship über die »Erweiterung der Liebe«,https://www.youtube.com/watch?v=RRz7lWA7blA,SRF||||Geführte Meditation|,,
8H_xuXkBJBw,Geleitete Meditation mit Bruder Nikhilananda | Internationalen Tages des Yoga,https://www.youtube.com/watch?v=8H_xuXkBJBw,SRF|||| Internationalen Tages des Yoga|,,
GK8qKQmneZg,Getting Acquainted With God | How-to-Live Talk With Meditation,https://www.youtube.com/watch?v=GK8qKQmneZg,SRF|||| How-to-Live|,,
lS-FITI8I7E,Giving Thanks for Life’s Blessings | How-to-Live Talk With Meditation,https://www.youtube.com/watch?v=lS-FITI8I7E,SRF|||| How-to-Live|,,
hEQikpo6X5c,Giving Thanks for Life’s Blessings | How-to-Live Talk With Meditation,https://www.youtube.com/watch?v=hEQikpo6X5c,SRF|||| How-to-Live|,,
DAQjZnz8xx0,Giving Thanks for Life’s Blessings: Attitudes of a Yogi | Guided Meditation and Inspirational Talk,https://www.youtube.com/watch?v=DAQjZnz8xx0,SRF|||| Guided Meditation and Inspirational Talk|,,
YeLteqYdSJg,Go Straight to God | Paramahansa Yogananda,https://www.youtube.com/watch?v=YeLteqYdSJg,SRF|||| Paramahansa Yogananda|,,
Jh1tWXewrbI,God as the Divine Mother | How-to-Live Talk With Meditation,https://www.youtube.com/watch?v=Jh1tWXewrbI,SRF|||| How-to-Live|,,
zwBZ0YvZSCY,God Is as Real as You Are | Paramahansa Yogananda,https://www.youtube.com/watch?v=zwBZ0YvZSCY,SRF|||| Paramahansa Yogananda|,,
hmRlIprAY2Q,"God Talks With Arjuna, Hindi Translation Release",https://www.youtube.com/watch?v=hmRlIprAY2Q,SRF|Hindi|||Geführte Meditation|,,
bjx3A66PjV8,God’s Nature in the Mother | How-to-Live Inspirational Service,https://www.youtube.com/watch?v=bjx3A66PjV8,SRF|||| How-to-Live|,,
215o8XsAqWA,God’s Unconditional Love and Friendship Through the Guru | 2021 Convocation,https://www.youtube.com/watch?v=215o8XsAqWA,SRF|||| 2021 | Convocation|,,
qSVzfQ2MfZQ,Gratitude: Pathway to God’s Blessings | How-to-Live Talk With Meditation,https://www.youtube.com/watch?v=qSVzfQ2MfZQ,SRF|||| How-to-Live|,,
BHOQb_tDmWY,Great Saints: God’s Messengers of Truth | How-to-Live Talk With Meditation,https://www.youtube.com/watch?v=BHOQb_tDmWY,SRF|||| How-to-Live|,,
76zo-lHzLGU,Growing in Faith and Unconditional Love | How-to-Live Inspirational Talk,https://www.youtube.com/watch?v=76zo-lHzLGU,SRF|||| How-to-Live|,,
XPFUcXSG3Qk,Guided Meditation — 2023 International Day of Yoga,https://www.youtube.com/watch?v=XPFUcXSG3Qk,SRF||||Guided Meditation|,,
uCXtMNyYQMo,Guided Meditation on Anchoring Yourself in Calmness,https://www.youtube.com/watch?v=uCXtMNyYQMo,SRF||||Guided Meditation|,,
LDl7nK2QUrg,Guided Meditation on Creating an Inner Environment for Success,https://www.youtube.com/watch?v=LDl7nK2QUrg,SRF||||Guided Meditation|,,
jyMn6um1NR4,Guided Meditation on Expanding Love | Self-Realization Fellowship,https://www.youtube.com/watch?v=jyMn6um1NR4,SRF||||Guided Meditation|,,
DIpPHK3c9fA,Guided Meditation on Expanding Love from Paramahansa Yogananda,https://www.youtube.com/watch?v=DIpPHK3c9fA,SRF||||Guided Meditation|,,
IGdWdIE5aDk,Guided Meditation on Expansion of Consciousness,https://www.youtube.com/watch?v=IGdWdIE5aDk,SRF||||Guided Meditation|,,
8uudA4w7e9M,Guided Meditation on God as Light | Self-Realization Fellowship,https://www.youtube.com/watch?v=8uudA4w7e9M,SRF||||Guided Meditation|,,
zQ2mImvrZxg,Guided Meditation on Inner Peace from Paramahansa Yogananda,https://www.youtube.com/watch?v=zQ2mImvrZxg,SRF||||Guided Meditation|,,
tZnz27YjwIY,Guided Meditation on Living Fearlessly,https://www.youtube.com/watch?v=tZnz27YjwIY,SRF||||Guided Meditation|,,
s_xVfuDSRGg,Guided Meditation on Making a “Soul Call” to the Divine,https://www.youtube.com/watch?v=s_xVfuDSRGg,SRF||||Guided Meditation|,,
mlRppRkf_xI,Guided Meditation on Paramahansa Yogananda’s “A Prayer for Peace on Earth”,https://www.youtube.com/watch?v=mlRppRkf_xI,SRF||||Guided Meditation|,,
MJR06v8qakg,Guided Meditation on Paramahansa Yogananda’s Chant “In the Temple of Silence” | Brother Chidananda,https://www.youtube.com/watch?v=MJR06v8qakg,SRF|||| Brother Chidananda|,,
TnP9PeHbvTM,Guided Meditation on Peace | Self-Realization Fellowship,https://www.youtube.com/watch?v=TnP9PeHbvTM,SRF||||Guided Meditation|,,
B8XnfZ4oPCM,Guided Meditation on The Flame of Divine Love - A Visualization from Paramahansa Yogananda,https://www.youtube.com/watch?v=B8XnfZ4oPCM,SRF||||Guided Meditation|,,
0RGtyRIVr0o,Guided Meditation on Your True Self | SRF World Convocation,https://www.youtube.com/watch?v=0RGtyRIVr0o,SRF||||Guided Meditation|,,
A3PVN0ulgVk,Guided Meditation to Awaken Your Divine Consciousness | World Meditation Day 2025,https://www.youtube.com/watch?v=A3PVN0ulgVk,SRF||||Guided Meditation|,,
We92WB7ArXk,Guided Meditation: Transmuting Power of the Spiritual Eye | Brother Chidananda,https://www.youtube.com/watch?v=We92WB7ArXk,SRF|||| Brother Chidananda|,,
6FNh1Jac9bo,Guided Meditation: Transmuting Power of the Spiritual Eye | Swami Chidananda Giri,https://www.youtube.com/watch?v=6FNh1Jac9bo,YSS|||| Swami Chidananda Giri|,,
Gqs0vKbwT3E,Guru and Disciple: An Eternal Covenant of Love | Brother Bhaktananda,https://www.youtube.com/watch?v=Gqs0vKbwT3E,SRF|||| Brother Bhaktananda|,,
5jAkDBpNui0,Harnessing the Power of the Mind | How-to-Live Inspirational Service,https://www.youtube.com/watch?v=5jAkDBpNui0,SRF|||| How-to-Live|,,
KiEjSQMLnG4,Healing by God’s Unlimited Power | How-to-Live Talk With Meditation,https://www.youtube.com/watch?v=KiEjSQMLnG4,SRF|||| How-to-Live|,,
y_TAJpivxAw,Hearing the Voice of Conscience Within You | How-to-Live Talk with Meditation,https://www.youtube.com/watch?v=y_TAJpivxAw,SRF|||| How-to-Live|,,
SsrqB_GwE-8,How Can My Prayers Help Others? | Sri Daya Mata,https://www.youtube.com/watch?v=SsrqB_GwE-8,SRF|||| Sri Daya Mata|,,
3ZB2Er56hAg,How Devotion Reveals the Invisible God | How-to-Live Talk With Meditation,https://www.youtube.com/watch?v=3ZB2Er56hAg,SRF|||| How-to-Live|,,
NsDBCD0utWc,How Teens Can Live With Courage and Inner Assurance in Today’s World | 2020 Convocation,https://www.youtube.com/watch?v=NsDBCD0utWc,SRF|||| 2020 |Convocation|,,
vAtTN-bruXc,How to Be a Divine Friend to All | How-to-Live Talk With Meditation,https://www.youtube.com/watch?v=vAtTN-bruXc,SRF|||| How-to-Live|,,
8x5mfg0vTRw,How to Be a Friend to All | How-to-Live Talk With Meditation,https://www.youtube.com/watch?v=8x5mfg0vTRw,SRF|||| How-to-Live|,,
ngdiOOjCo3I,How to Be a Friend to All | How-to-Live Talk With Meditation,https://www.youtube.com/watch?v=ngdiOOjCo3I,SRF|||| How-to-Live|,,
5j9mWMbsYfY,How to Be Master of Your Habits | How-to-Live Talk With Meditation,https://www.youtube.com/watch?v=5j9mWMbsYfY,SRF|||| How-to-Live|,,
GZpq2jsZAI4,How to Commune With God Through Devotion | How-to-Live Talk With Meditation,https://www.youtube.com/watch?v=GZpq2jsZAI4,SRF|||| How-to-Live|,,
labQKv7YQm8,How to Create Success | Excerpt From “The Law of Success” by Paramahansa Yogananda,https://www.youtube.com/watch?v=labQKv7YQm8,SRF|||| Excerpt From “The Law of Success” by Paramahansa Yogananda|,,
pj_guKnwJh8,How to Develop Dynamic Will Power | How-to-Live Inspirational Talk with Meditation,https://www.youtube.com/watch?v=pj_guKnwJh8,SRF|||| How-to-Live|,,
_M4hZwYp-eM,How to Find Peace in Today’s World | How-to-Live Talk With Meditation,https://www.youtube.com/watch?v=_M4hZwYp-eM,SRF|||| How-to-Live|,,
H2tBk0gCjWk,How to Get the Most Out of Convocation to Transform Your Life | 2021 Convocation,https://www.youtube.com/watch?v=H2tBk0gCjWk,SRF|||| 2021 |Convocation|,,
FjfJBegLd_o,How to Improve Your Attention and Concentration | Talk With Meditation,https://www.youtube.com/watch?v=FjfJBegLd_o,SRF|||| Talk With Meditation|,,
5mJ0PLvGB18,How to Know You Are Making Spiritual Progress | Sri Mrinalini Mata,https://www.youtube.com/watch?v=5mJ0PLvGB18,SRF|||| Sri Mrinalini Mata|,,
Ov1QaitKkjM,How to Live a God-Oriented Life | How-to-Live Talk with Meditation,https://www.youtube.com/watch?v=Ov1QaitKkjM,SRF|||| How-to-Live|,,
dsq_nJqIB2Y,How to Manage Stress | How-to-Live Talk With Meditation,https://www.youtube.com/watch?v=dsq_nJqIB2Y,SRF|||| How-to-Live|,,
ifXeaqKdloA,How to Overcome Fear | How-to-Live Talk With Meditation,https://www.youtube.com/watch?v=ifXeaqKdloA,SRF|||| How-to-Live|,,
asoB3rnpifw,How to Overcome Nervousness | How-to-Live Talk With Meditation,https://www.youtube.com/watch?v=asoB3rnpifw,SRF|||| How-to-Live|,,
bgsVVJDDZxE,How to Perceive God’s Presence in the Stillness of Meditation | How-to-Live Talk With Meditation,https://www.youtube.com/watch?v=bgsVVJDDZxE,SRF|||| How-to-Live|,,
IIdf7Wrvlxs,How to Receive Definite Responses From God | Paramahansa Yogananda,https://www.youtube.com/watch?v=IIdf7Wrvlxs,SRF|||| Paramahansa Yogananda|,,
bkBC-yU8rSM,How to Receive God’s Answers to Your Prayers | How-to-Live Talk With Meditation,https://www.youtube.com/watch?v=bkBC-yU8rSM,SRF|||| How-to-Live|,,
2dpPoYz21og,How to Rise Above Pressures and Problems | How-to-Live Talk With Meditation,https://www.youtube.com/watch?v=2dpPoYz21og,SRF|||| How-to-Live|,,
8HvdvlHEaSk,How to Spiritualize Our Daily Lives | How-to-Live Talk With Meditation,https://www.youtube.com/watch?v=8HvdvlHEaSk,SRF|||| How-to-Live|,,
0vLwGtCl4kY,How to Spiritualize Your Actions by Brother Anandamoy,https://www.youtube.com/watch?v=0vLwGtCl4kY,SRF||||Brother Anandamoy|,,
TSrLraBnRAE,How to Spiritualize Your Everyday Experiences | How-to-Live Talk with Guided Meditation,https://www.youtube.com/watch?v=TSrLraBnRAE,SRF|||| How-to-Live|,,
qlGG0f9DczE,How You Can Talk With God | How-to-Live Inspirational Service,https://www.youtube.com/watch?v=qlGG0f9DczE,SRF|||| How-to-Live|,,
qg5e9YQZKPA,Importance of Sadhana and Seva for a Devotee | भक्त के जीवन में साधना और सेवा का महत्त्व | YSS,https://www.youtube.com/watch?v=qg5e9YQZKPA,YSS||||,,
d1vxth99YVA,In Heartfelt Gratitude: Supporting the Guru’s Mission Together,https://www.youtube.com/watch?v=d1vxth99YVA,SRF||||Geführte Meditation|,,
n99CCcuRQks,In the Embrace of the Divine Mother | Brother Chidananda,https://www.youtube.com/watch?v=n99CCcuRQks,SRF||||Brother Chidananda|,,
UmCVAZd7ovw,In the Embrace of the Divine Mother | Swami Chidananda Giri,https://www.youtube.com/watch?v=UmCVAZd7ovw,YSS|||| Swami Chidananda Giri|,,
TTvHcpyp4eQ,In the Spirit of Pilgrimage | A Centennial Celebratory Procession,https://www.youtube.com/watch?v=TTvHcpyp4eQ,SRF|||| A Centennial Celebratory Procession|,,
kibkgnZn8nE,Inner Reflections 2015 Engagement Calendar,https://www.youtube.com/watch?v=kibkgnZn8nE,SRF||||Inner Reflections Engagement Calendar|,,
pgaT_Y1cF_s,Inner Reflections 2016 Engagement Calendar,https://www.youtube.com/watch?v=pgaT_Y1cF_s,SRF||||Inner Reflections Engagement Calendar|,,
yvHQF0mpwzo,Inner Reflections 2017 Engagement Calendar,https://www.youtube.com/watch?v=yvHQF0mpwzo,SRF||||Inner Reflections Engagement Calendar|,,
YprCg0hMKzY,Inner Reflections 2018 Engagement Calendar,https://www.youtube.com/watch?v=YprCg0hMKzY,SRF||||Inner Reflections Engagement Calendar|,,
X2qvYDt8DQs,Inner Reflections 2019 Engagement Calendar,https://www.youtube.com/watch?v=X2qvYDt8DQs,SRF||||Inner Reflections Engagement Calendar|,,
t-NhxR5A8_k,Inner Reflections 2020 Engagement Calendar,https://www.youtube.com/watch?v=t-NhxR5A8_k,SRF||||Inner Reflections Engagement Calendar|,,
#NAME?,Inner Reflections 2021 Engagement Calendar,https://www.youtube.com/watch?v=-z6u9xfCUZQ,SRF||||Inner Reflections Engagement Calendar|,,
Yf0M825TK58,Inner Reflections 2022 Engagement Calendar,https://www.youtube.com/watch?v=Yf0M825TK58,SRF||||Inner Reflections Engagement Calendar|,,
vFJBEbxpRzI,Inner Reflections 2023 Engagement Calendar,https://www.youtube.com/watch?v=vFJBEbxpRzI,SRF||||Inner Reflections Engagement Calendar|,,
J0XXJv-kjqM,Inner Reflections 2024 Engagement Calendar,https://www.youtube.com/watch?v=J0XXJv-kjqM,SRF||||Inner Reflections Engagement Calendar|,,
K_p-XquOrlk,Inner Reflections 2025 Engagement Calendar | Self-Realization Fellowship,https://www.youtube.com/watch?v=K_p-XquOrlk,SRF|||| Self-Realization Fellowship|,,
EI5wEk-FALM,Inner Reflections 2026 Engagement Calendar | Self-Realization Fellowship,https://www.youtube.com/watch?v=EI5wEk-FALM,SRF|||| Self-Realization Fellowship|,,
rghY0MRwbYo,Inspiration for Spiritualizing Family Life | Sri Daya Mata,https://www.youtube.com/watch?v=rghY0MRwbYo,SRF|||| Sri Daya Mata|,,
j7Iazig2xvY,Introdução às meditações dirigidas,https://www.youtube.com/watch?v=j7Iazig2xvY,SRF||||Introdução às meditações|,,
q7qiBaRCRjk,Introducción a las meditaciones guiadas,https://www.youtube.com/watch?v=q7qiBaRCRjk,SRF||||Introdução às meditações|,,
4b-KTDCsFdw,Introduction aux méditations guidées,https://www.youtube.com/watch?v=4b-KTDCsFdw,SRF||||Introdução às meditações|,,
Gqj5Mqu-lF4,Introduction to Guided Meditations,https://www.youtube.com/watch?v=Gqj5Mqu-lF4,SRF||||Guided Meditation|,,
hqpyL-nYv74,Introduction: Sri Daya Mata Memorial Service,https://www.youtube.com/watch?v=hqpyL-nYv74,SRF||||Memorial Service|,,
qjr0dB_ooYo,Introduzione alle meditazioni guidate,https://www.youtube.com/watch?v=qjr0dB_ooYo,SRF||||Introdução às meditações|,,
tOLzafXcN4U,Introspection — Exploring the Workings of Your Inner Self | 2021 Convocation,https://www.youtube.com/watch?v=tOLzafXcN4U,SRF|||| 2021 |Convocation|,,
9iDf6vpn8rE,Introspection — Key to Self-Discovery | How-to-Live talk with guided meditation,https://www.youtube.com/watch?v=9iDf6vpn8rE,SRF|||| How-to-Live|,,
v1dWJNynnyg,Intuition and Trust in God: Guiding Lights in a Chaotic World | How-to-Live Inspirational Talk,https://www.youtube.com/watch?v=v1dWJNynnyg,SRF|||| How-to-Live|,,
qGydGZJhyOM,Join us to Discover Paramahansa Yoganandaji's Teachings | YSS Sangam 2023 — February 12–16,https://www.youtube.com/watch?v=qGydGZJhyOM,YSS|||| YSS Sangam 2023 — February 12–16|,,
UgfCxpTag7o,Join us! | 2024 Convocation,https://www.youtube.com/watch?v=UgfCxpTag7o,SRF|||| 2024 Convocation|,,
2Yih1v89ZdM,Join Us! | SRF 2023 World Convocation,https://www.youtube.com/watch?v=2Yih1v89ZdM,SRF|||| 2023 |Convocation|,,
kXpD3uBalaE,Karma and Samskaras | Sri Mrinalini Mata,https://www.youtube.com/watch?v=kXpD3uBalaE,SRF|||| Sri Mrinalini Mata|,,
eL54GQXRGvI,Karma Yoga: Balancing Activity and Meditation | Sri Daya Mata,https://www.youtube.com/watch?v=eL54GQXRGvI,SRF|||| Sri Daya Mata|,,
FuLTmV4UMDc,"Keep On Keeping On, Taking God With You | Brother Achalananda",https://www.youtube.com/watch?v=FuLTmV4UMDc,SRF||||Brother Achalananda|,,
Vt1VNmSDw0Y,Kirtan With YSS Monks at Paramahansa Yogananda Smriti Mandir | 2021 Convocation,https://www.youtube.com/watch?v=Vt1VNmSDw0Y,SRF|Hindi||Kirtan| 2021 |Convocation|,,
nkpkWlHK510,Know Yourself as the Immortal Soul! | How-to-Live Talk With Meditation,https://www.youtube.com/watch?v=nkpkWlHK510,SRF|||| How-to-Live|,,
Nrg4MfLobRU,Kriya Yoga — Sacred Science of God-Realization | 2021 Convocation,https://www.youtube.com/watch?v=Nrg4MfLobRU,SRF|||| 2021 |Convocation|,,
K-K93W0LFBQ,"Kriya Yoga, the Science of God-realization | Sri Mrinalini Mata",https://www.youtube.com/watch?v=K-K93W0LFBQ,SRF|||| Sri Mrinalini Mata|,,
XB9WRTcFlow,Kriya Yoga: Science of Spiritual Living for the Modern Age | How-to-Live Inspirational Service,https://www.youtube.com/watch?v=XB9WRTcFlow,SRF|||| How-to-Live|,,
tZNNSZSku6Q,Kriya Yoga: Universal Science of God-Realization | Brother Anandamoy,https://www.youtube.com/watch?v=tZNNSZSku6Q,SRF|||| Brother Anandamoy|,,
PQXOl2XbjSo,Launch Event for the New Edition of the Self-Realization Fellowship Lessons,https://www.youtube.com/watch?v=PQXOl2XbjSo,SRF||||Lessons|,,
jJUMpDCV4M4,Learn to Meditate | Benefits of Meditation | Paramahansa Yogananda | Kriya Yoga | YSS,https://www.youtube.com/watch?v=jJUMpDCV4M4,YSS|||| Benefits of Meditation |Learn to Meditate |,,
JytGRfZ0KVQ,Learn to Meditate: Part 1 - Correct Posture,https://www.youtube.com/watch?v=JytGRfZ0KVQ,SRF||||Learn to Meditate|,,
1ucjRAnGSMo,Learn to Meditate: Part 2 - The Attention,https://www.youtube.com/watch?v=1ucjRAnGSMo,SRF||||Learn to Meditate|,,
noqN-su1X6c,Learn to Meditate: Part 3 - Beginning a Meditation,https://www.youtube.com/watch?v=noqN-su1X6c,SRF||||Learn to Meditate|,,
d8KtA9_1ibg,Learn to Meditate: Part 4 - Prayer and Meditation,https://www.youtube.com/watch?v=d8KtA9_1ibg,SRF||||Learn to Meditate|,,
dhPwYVqg3Uw,Learn to Meditate: Part 5 - The Benefits of Meditation,https://www.youtube.com/watch?v=dhPwYVqg3Uw,SRF||||Learn to Meditate|,,
Mgd-taUnWtI,Let Every Day Be Christmas | Sri Daya Mata,https://www.youtube.com/watch?v=Mgd-taUnWtI,SRF|||| Sri Daya Mata|,,
KoQZD-5L0t0,Let Us Be Thankful | Sri Daya Mata,https://www.youtube.com/watch?v=KoQZD-5L0t0,SRF|||| Sri Daya Mata|,,
t7CPPOQo7O4,Life Energy: The Power That Heals | How-to-Live Talk With Meditation,https://www.youtube.com/watch?v=t7CPPOQo7O4,SRF|||| How-to-Live|,,
M0ACLO0wae8,Life in the Ashram (SRF Monks) | 2020 SRF Online World Convocation,https://www.youtube.com/watch?v=M0ACLO0wae8,SRF|||| 2020 |Convocation|Life In Ashram,,
h5MOTb04Y5Q,Life in the Ashram (SRF Nuns) | 2020 SRF Online World Convocation,https://www.youtube.com/watch?v=h5MOTb04Y5Q,SRF|||| 2020|Convocation| Life In Ashram,,
gzv7fjbO7gk,Life’s Challenges - Opportunities for Spiritual Progress | How-to-Live Inspirational Talk,https://www.youtube.com/watch?v=gzv7fjbO7gk,SRF|||| How-to-Live|,,
2u88zVGtqgU,Living a Balanced Life in a Complex World | How-to-Live Talk with Meditation,https://www.youtube.com/watch?v=2u88zVGtqgU,SRF|||| How-to-Live|,,
ClKigY4_H7M,Living Devotionally in the Presence of God | 2021 Convocation,https://www.youtube.com/watch?v=ClKigY4_H7M,SRF|||| 2021 Convocation|,,
pR_BAHZpvMs,Living Fearlessly — Overcoming the Causes of Stress and Worry | How-to-Live Inspirational Talk,https://www.youtube.com/watch?v=pR_BAHZpvMs,SRF|||| How-to-Live|,,
y-OZziFYRz0,Living fearlessly | निर्भयतापूर्वक जीना | Guided Meditation,https://www.youtube.com/watch?v=y-OZziFYRz0,YSS|||| निर्भयतापूर्वक जीना |,,
tiWtEwC7tgY,Living in Attunement With the Divine | Sri Mrinalini Mata,https://www.youtube.com/watch?v=tiWtEwC7tgY,SRF|||| Sri Mrinalini Mata|,,
Te-P4LmWMfY,Living in Constant Remembrance of God | How-to-Live Talk with Guided Meditation,https://www.youtube.com/watch?v=Te-P4LmWMfY,SRF|||| How-to-Live|,,
hoXoTr7PpcI,Living in the Love of God | Sri Daya Mata,https://www.youtube.com/watch?v=hoXoTr7PpcI,SRF|||| Sri Daya Mata|,,
c1Tzmwltp_c,Living in the Sacred Presence of the Divine Mother | Swami Chidananda Giri,https://www.youtube.com/watch?v=c1Tzmwltp_c,YSS|||| Swami Chidananda Giri|,,
AKq6Bnm4dqM,Living Supremely Well Now | How-to-Live Talk With Meditation,https://www.youtube.com/watch?v=AKq6Bnm4dqM,SRF|||| How-to-Live|,,
QkfFjm8XI6A,Living the Spiritual Life in a Material World | How-to-Live Talk With Meditation,https://www.youtube.com/watch?v=QkfFjm8XI6A,SRF|||| How-to-Live|,,
U0-C7CQcHyU,Living the Vision of Autobiography of a Yogi | 2021 Convocation,https://www.youtube.com/watch?v=U0-C7CQcHyU,SRF|| 2021| Convocation|,,
QjGpFIWgX4I,Living With a Positive and Joy-Filled Attitude | How-to-Live Inspirational Talk,https://www.youtube.com/watch?v=QjGpFIWgX4I,SRF|||| How-to-Live|,,
jqJHgH798_E,Living With Gratitude | How-to-Live Talk with Meditation,https://www.youtube.com/watch?v=jqJHgH798_E,SRF|||| How-to-Live|,,
PUV0Rt6pMLk,Living With Purpose in God’s Dream Show of Creation | 2021 Convocation,https://www.youtube.com/watch?v=PUV0Rt6pMLk,SRF|||| 2021 Convocation|,,
JMQqqrftYe0,Living Without Fear | How-to-Live Talk With Meditation,https://www.youtube.com/watch?v=JMQqqrftYe0,SRF|||| How-to-Live|,,
JqVVKmLw9_o,Look Always to the Light | Sri Mrinalini Mata,https://www.youtube.com/watch?v=JqVVKmLw9_o,SRF|||| Sri Mrinalini Mata|,,
hKfUf8gxd0U,Love — Human and Divine | How-to-Live Talk With Meditation,https://www.youtube.com/watch?v=hKfUf8gxd0U,SRF|||| How-to-Live|,,
uyR4GpolmfE,Loyalty — Highest Law for Spiritual Success | How-to-Live Talk with Meditation,https://www.youtube.com/watch?v=uyR4GpolmfE,SRF|||| How-to-Live|,,
2vgST3u1FDI,Maintaining Our Divine Connection While Living in the Material World | Swami Chidananda Giri,https://www.youtube.com/watch?v=2vgST3u1FDI,YSS|||| Swami Chidananda Giri|,,
vPUemyvIzUg,Making God the Companion of Our Lives | Discourse by a YSS Sannyasi,https://www.youtube.com/watch?v=vPUemyvIzUg,YSS|||| Discourse by a YSS Sannyasi|,,
SQQrUEHqL8o,Making Our Inner Relationship With God More Dynamic | How-to-Live Talk With Meditation,https://www.youtube.com/watch?v=SQQrUEHqL8o,SRF|||| How-to-Live|,,
2nSQUqO1jG4,Mastering Your Habits | How-to-Live Talk With Meditation,https://www.youtube.com/watch?v=2nSQUqO1jG4,SRF|||| How-to-Live|,,
KXAqLQBpEKc,Meditação dirigida da Self-Realization Fellowship sobre a Expansão do Amor,https://www.youtube.com/watch?v=KXAqLQBpEKc,SRF||||Introdução às meditações|,,
U693t99qf8U,Meditação dirigida da Self-Realization Fellowship sobre a Paz,https://www.youtube.com/watch?v=U693t99qf8U,SRF||||Introdução às meditações|,,
ygW-sWqDvnM,Meditação dirigida da Self-Realization Fellowship sobre Deus como Luz,https://www.youtube.com/watch?v=ygW-sWqDvnM,SRF||||Introdução às meditações|,,
rK91ccqYIjA,"Meditação dirigida, por Irmã Bhavani | Dia Internacional da Yoga",https://www.youtube.com/watch?v=rK91ccqYIjA,SRF|||| Dia Internacional da Yoga|,,
omOStsZ1LMg,Meditação para Principiantes,https://www.youtube.com/watch?v=omOStsZ1LMg,SRF||||Introdução às meditações|,,
4hUnVaHV8FU,Meditación guiada con el Hermano Ekananda | Día Internacional del Yoga,https://www.youtube.com/watch?v=4hUnVaHV8FU,SRF|||| Día Internacional del Yoga|,,
2FluVtcKOro,Meditación guiada de Self-Realization Fellowship sobre Dios como luz,https://www.youtube.com/watch?v=2FluVtcKOro,SRF||||Introdução às meditações|,,
TFJYs59AJwQ,Meditación guiada de Self-Realization Fellowship sobre expandir el amor,https://www.youtube.com/watch?v=TFJYs59AJwQ,SRF||||Introdução às meditações|,,
lmo9EPCGymk,Meditación guiada de Self-Realization Fellowship sobre la paz,https://www.youtube.com/watch?v=lmo9EPCGymk,SRF||||Introdução às meditações|,,
_5caI2rs88g,Meditación para principiantes,https://www.youtube.com/watch?v=_5caI2rs88g,SRF||||Introdução às meditações|,,
u5UUuY4roBM,Meditation — A Journey to Spiritual Freedom | 2021 Convocation,https://www.youtube.com/watch?v=u5UUuY4roBM,SRF|||| 2021 Convocation|,,
EKqqjOTnGkc,Meditation and Spiritual Life: Experiences of SRF Members,https://www.youtube.com/watch?v=EKqqjOTnGkc,SRF||||Introdução às meditações|,,
bnDHiINKy4M,Méditation guidée de la Self-Realization Fellowship sur Dieu en tant que Lumière,https://www.youtube.com/watch?v=bnDHiINKy4M,SRF||||Introdução às meditações|,,
URXVUF-h2s4,Méditation guidée de la Self-Realization Fellowship sur l’expansion de l’amour,https://www.youtube.com/watch?v=URXVUF-h2s4,SRF||||Introdução às meditações|,,
knY99YCjzFQ,Méditation guidée de la Self-Realization Fellowship sur la paix,https://www.youtube.com/watch?v=knY99YCjzFQ,SRF||||Introdução às meditações|,,
mAN13n0xImw,Meditazione guidata con Brother Tyagananda | Giornata Internazionale dello Yoga,https://www.youtube.com/watch?v=mAN13n0xImw,SRF||||Brother Anandamoy|,,
_ltmfglNgE0,Meditazione guidata della Self-Realization Fellowship su Dio come Luce,https://www.youtube.com/watch?v=_ltmfglNgE0,SRF||||Introdução às meditações|,,
lNDx9GUjTns,Meditazione guidata della Self-Realization Fellowship su: espandere l’amore,https://www.youtube.com/watch?v=lNDx9GUjTns,SRF||||Introdução às meditações|,,
bBizn6oL-bQ,Meditazione guidata della Self-Realization Fellowship sulla Pace,https://www.youtube.com/watch?v=bBizn6oL-bQ,SRF||||Introdução às meditações|,,
bY-vUcZw6OY,Meditazione per principianti,https://www.youtube.com/watch?v=bY-vUcZw6OY,SRF||||Introdução às meditações|,,
BLbZMZKDqDE,Morning Guided Meditation With SRF Monastic | 2024 SRF World Convocation | Day 6,https://www.youtube.com/watch?v=BLbZMZKDqDE,SRF||||Guided Meditation|,,
G0VSS86mlLA,Morning Guided Meditation With SRF Monastic | 2025 SRF World Convocation | Day 6,https://www.youtube.com/watch?v=G0VSS86mlLA,SRF||||Guided Meditation|,,
ez7BJK8vIsM,My First Experience Hearing the Divine Voice | Paramahansa Yogananda,https://www.youtube.com/watch?v=ez7BJK8vIsM,SRF|||| Paramahansa Yogananda|,,
7XbtxFn00QQ,Neuroplasticity and the Yoga Science of Meditation | Brother Chidananda,https://www.youtube.com/watch?v=7XbtxFn00QQ,SRF||||Brother Chidananda|,,
b4s24h5OB9Y,November 2018 Message from Brother Chidananda,https://www.youtube.com/watch?v=b4s24h5OB9Y,SRF||||Brother Anandamoy|,,
4mt8JL2EkLY,Opening Our Hearts and Minds to the Guru,https://www.youtube.com/watch?v=4mt8JL2EkLY,SRF||||Introdução às meditações|,,
VeYcMyJGiE0,Opening to God's Love in Meditation - Part 1,https://www.youtube.com/watch?v=VeYcMyJGiE0,SRF||||Learn to Meditate|,,
rJhRZbUtAe0,Opening to God's Love in Meditation - Part 2,https://www.youtube.com/watch?v=rJhRZbUtAe0,SRF||||Learn to Meditate|,,
kmDfAq0fEM8,Opening Your Heart to God’s Presence | Sri Daya Mata,https://www.youtube.com/watch?v=kmDfAq0fEM8,SRF|||| Sri Daya Mata|,,
adaAlHYn3Kk,Our Loved Ones Never Die | How-to-Live Talk With Meditation,https://www.youtube.com/watch?v=adaAlHYn3Kk,SRF|||| How-to-Live|,,
GnCNvDQcKvk,Overcoming “Soul Fog” Through Kriya Yoga | Brother Chidananda,https://www.youtube.com/watch?v=GnCNvDQcKvk,SRF||||Brother Chidananda|,,
#NAME?,Overcoming Fear With Divine Vibrations | Brother Chidananda,https://www.youtube.com/watch?v=-Mxf7alEQjw,SRF|||| Brother Chidananda|,,
uVvo001mbg0,Overcoming Fears and Mental Ruts: Using the Mind to Free the Mind | How-to-Live Talk With Meditation,https://www.youtube.com/watch?v=uVvo001mbg0,SRF|||| How-to-Live|,,
LzL4UfIBoWA,Overcoming Karma: The Power of Forgiveness | How-to-Live Talk With Meditation,https://www.youtube.com/watch?v=LzL4UfIBoWA,SRF|||| How-to-Live|,,
LIqUNgvJlD4,Overcoming Negativity in Today’s World,https://www.youtube.com/watch?v=LIqUNgvJlD4,SRF||||Overcoming Negativity i|,,
4UAJLtvrdhU,Overcoming Nervousness | How-to-Live Talk with Meditation,https://www.youtube.com/watch?v=4UAJLtvrdhU,SRF|||| How-to-Live|,,
f2uVMpKhR8Y,Overcoming Tests and Trials in Life (Talk in Hindi) | By YSS Sannyasi Swami Adyananda Giri,https://www.youtube.com/watch?v=f2uVMpKhR8Y,YSS|Hindi|||Swami Adyananda Giri|,,
l2KMm9mxTFo,Paramahansa Yogananda on Finding Happiness Within,https://www.youtube.com/watch?v=l2KMm9mxTFo,SRF||||Finding Happiness |,,
rdc5khxI0Hw,Paramahansa Yogananda on How to Destroy Suffering by Its Roots,https://www.youtube.com/watch?v=rdc5khxI0Hw,SRF||||Destroy Suffering|,,
NShLqqJNBKQ,Paramahansa Yogananda on Karma,https://www.youtube.com/watch?v=NShLqqJNBKQ,SRF||||Karma|,,
aHPNZdAFLdA,Paramahansa Yogananda on Kriya Yoga — The Greatest Proof of God,https://www.youtube.com/watch?v=aHPNZdAFLdA,SRF||||Kriya Yoga|,,
7MuoGZ0yx20,Paramahansa Yogananda on Kriya Yoga — The Key to Heaven,https://www.youtube.com/watch?v=7MuoGZ0yx20,SRF||||Kriya Yoga|,,
krd41uFL2s4,Paramahansa Yogananda on Loving God,https://www.youtube.com/watch?v=krd41uFL2s4,SRF||||Loving God|,,
v6WX4LXOyZU,Paramahansa Yogananda on the Dream-Nature of the World,https://www.youtube.com/watch?v=v6WX4LXOyZU,SRF||||Dream Nature|,,
ZXPdmWX8VB4,Paramahansa Yogananda on Thinking of Nothing But God for One Day,https://www.youtube.com/watch?v=ZXPdmWX8VB4,SRF||||God for One Day|,,
tWZJ4LNjwPk,Paramahansa Yogananda: “The Teachings Will Be the Guru” | Sri Mrinalini Mata,https://www.youtube.com/watch?v=tWZJ4LNjwPk,SRF|||| Sri Mrinalini Mata|,,
bcPWdJ_ImKY,Paramahansa Yogananda: A World Teacher | A talk by Brother Anandamoy,https://www.youtube.com/watch?v=bcPWdJ_ImKY,SRF||||Brother Anandamoy|,,
H7DBUDuje_s,Paramahansa Yogananda’s 125th Birthday – A Special Message From Brother Chidananda,https://www.youtube.com/watch?v=H7DBUDuje_s,SRF||||Brother Anandamoy|,,
hpR4niszERQ,Paramahansa Yogananda’s Advice About World Predictions | Brother Chidananda,https://www.youtube.com/watch?v=hpR4niszERQ,SRF|||| Brother Chidananda|,,
ac5uKQsdbsY,Paramahansa Yogananda’s Concept of Freedom | Brother Chidananda,https://www.youtube.com/watch?v=ac5uKQsdbsY,SRF|||| Brother Chidananda|,,
R7YemF9QJFU,Paramahansa Yogananda's Great Samadhi of 1948 | Sri Mrinalini Mata,https://www.youtube.com/watch?v=R7YemF9QJFU,SRF|||| Sri Mrinalini Mata|,,
QeOgOyL6F08,Paramahansa Yogananda’s Immortal Message: Celebrating a Beloved World Teacher,https://www.youtube.com/watch?v=QeOgOyL6F08,SRF||||Immortal Message|,,
DldQmH7Md0A,Part 1: Sri Daya Mata Memorial Service,https://www.youtube.com/watch?v=DldQmH7Md0A,SRF||||Memorial Service|,,
9JkL0S3JP9E,Part 10: Sri Daya Mata Memorial Service,https://www.youtube.com/watch?v=9JkL0S3JP9E,SRF||||Memorial Service|,,
nwaIo_oxmeY,Part 11: Sri Daya Mata Memorial Service,https://www.youtube.com/watch?v=nwaIo_oxmeY,SRF||||Memorial Service|,,
DE1ScWIbISg,Part 2: Sri Daya Mata Memorial Service,https://www.youtube.com/watch?v=DE1ScWIbISg,SRF||||Memorial Service|,,
a2u_bvoyoSI,Part 3: Sri Daya Mata Memorial Service,https://www.youtube.com/watch?v=a2u_bvoyoSI,SRF||||Memorial Service|,,
GMg9mfPOzVg,Part 4: Sri Daya Mata Memorial Service,https://www.youtube.com/watch?v=GMg9mfPOzVg,SRF||||Memorial Service|,,
u_14-yrkc8c,Part 5: Sri Daya Mata Memorial Service,https://www.youtube.com/watch?v=u_14-yrkc8c,SRF||||Memorial Service|,,
vnEo5e0bZpA,Part 6: Sri Daya Mata Memorial Service,https://www.youtube.com/watch?v=vnEo5e0bZpA,SRF||||Memorial Service|,,
HMEK56NsJc4,Part 7: Sri Daya Mata Memorial Service,https://www.youtube.com/watch?v=HMEK56NsJc4,SRF||||Memorial Service|,,
mX_dc6ikrbQ,Part 8: Sri Daya Mata Memorial Service,https://www.youtube.com/watch?v=mX_dc6ikrbQ,SRF||||Memorial Service|,,
bSiQ1tFvRvM,Part 9: Sri Daya Mata Memorial Service,https://www.youtube.com/watch?v=bSiQ1tFvRvM,SRF||||Memorial Service|,,
TFdOCM1ZVas,Peace and Prosperity through Kriya Yoga | क्रियायोग द्वारा शांति और समृद्धि | A Talk by YSS Sannyasi,https://www.youtube.com/watch?v=TFdOCM1ZVas,YSS|||| क्रियायोग द्वारा शांति और समृद्धि |,,
JFWn8wAuEms,Perseverance: Secret of Spiritual Success | How-to-Live Inspirational Series,https://www.youtube.com/watch?v=JFWn8wAuEms,SRF|||| How-to-Live|,,
OvK-M4l3sr0,Practice Kriya Yoga Every Day | Sri Mrinalini Mata,https://www.youtube.com/watch?v=OvK-M4l3sr0,SRF|||| Sri Mrinalini Mata|,,
rl4ULW_OgtQ,Practice of Yogananda’s Healing Technique | SRF President Brother Chidananda,https://www.youtube.com/watch?v=rl4ULW_OgtQ,SRF|||| Brother Chidananda|,,
sU2icv7IcD0,"Practicing the Presence of God — Change Your Thoughts, Change Yourself | Sri Mrinalini Mata",https://www.youtube.com/watch?v=sU2icv7IcD0,SRF|||| Sri Mrinalini Mata|,,
p_o5vcCKhIk,Prayer — Embracing Our World With Compassion and Understanding,https://www.youtube.com/watch?v=p_o5vcCKhIk,SRF||||Compassion|Undedstanfing|,,
jrM1TB1F5t4,Prayer: Trusting God in Every Circumstance | Mukti Mata,https://www.youtube.com/watch?v=jrM1TB1F5t4,SRF|||| Mukti Mata|,,
fPzsMXTpvIg,Principles of Effective Prayer | How-to-Live Inspirational Satsanga,https://www.youtube.com/watch?v=fPzsMXTpvIg,SRF|||| How-to-Live|,,
cb8bsD3VAek,Receiving God’s Response in the Silence of Meditation | How-to-Live Inspirational Talk,https://www.youtube.com/watch?v=cb8bsD3VAek,SRF|||| How-to-Live|,,
7lIv4ioyATg,Rediscovering Your Higher Self | How-to-Live Inspirational Service,https://www.youtube.com/watch?v=7lIv4ioyATg,SRF|||| How-to-Live|,,
xCsbxHj8JVo,Regain Your Divine Heritage | How-to-Live Talk With Meditation,https://www.youtube.com/watch?v=xCsbxHj8JVo,SRF|||| How-to-Live|,,
shJDh0DrwrQ,Remembering Who You Really Are — The Soul | How-to-Live Talk with Guided Meditation,https://www.youtube.com/watch?v=shJDh0DrwrQ,SRF|||| How-to-Live|,,
RkgWGI5uIB8,Remove All Doubt That God Will Answer You | Paramahansa Yogananda,https://www.youtube.com/watch?v=RkgWGI5uIB8,SRF|||| Paramahansa Yogananda|,,
cXooZKVUKlA,Removing Mental Ruts With New Ways of Living | How-to-Live Inspirational Talk,https://www.youtube.com/watch?v=cXooZKVUKlA,SRF|||| How-to-Live|,,
ZYuij9h-PPw,Restoring Paramahansa Yogananda’s Windmill Chapel at the SRF Lake Shrine,https://www.youtube.com/watch?v=ZYuij9h-PPw,SRF||||Lake Shrine|,,
2H6mGPLfnTQ,Riflessi dell’anima – Agenda 2020,https://www.youtube.com/watch?v=2H6mGPLfnTQ,SRF|||||,,
gkR0pdYujY0,Riflessi dell’anima – Agenda 2021,https://www.youtube.com/watch?v=gkR0pdYujY0,SRF|||||,,
WXnqCliHi4Y,Riflessi dell’anima – Agenda 2022,https://www.youtube.com/watch?v=WXnqCliHi4Y,SRF|||||,,
0OEL_zOOGBk,Riflessi dell’anima – Agenda 2023,https://www.youtube.com/watch?v=0OEL_zOOGBk,SRF|||||,,
32AIZWe9XYY,Riflessi dell’anima – Agenda 2024,https://www.youtube.com/watch?v=32AIZWe9XYY,SRF|||||,,
K-NWCQOUDlI,Right Attitude Toward Life’s Experiences | Brother Anandamoy,https://www.youtube.com/watch?v=K-NWCQOUDlI,SRF|||| Brother Anandamoy|,,
4jEm748Q9Wo,Satsanga (Questions and Answers) | 2020 SRF Online World Convocation,https://www.youtube.com/watch?v=4jEm748Q9Wo,SRF|||| 2020 | Convocation|,,
9DBLf9anNlM,Satsanga (Questions and Answers) | 2021 Convocation,https://www.youtube.com/watch?v=9DBLf9anNlM,SRF|||| 2021 Convocation|,,
mddTc3GI_no,Satsanga on Nurturing a Personal Relationship With God,https://www.youtube.com/watch?v=mddTc3GI_no,SRF||||Personal Relationship|,,
aeIKk7KtXG8,Scientific Healing by God’s Infinite Cosmic Energy | How-to-Live Talk With Meditation,https://www.youtube.com/watch?v=aeIKk7KtXG8,SRF|||| How-to-Live|,,
Z22edyOsNQc,Scripture Of Love,https://www.youtube.com/watch?v=Z22edyOsNQc,SRF||||Sri Daya Mata|,,
zzECEkiFa-Q,Seeing God in All People and in All Conditions | How-to-Live Inspirational Talk,https://www.youtube.com/watch?v=zzECEkiFa-Q,SRF|||| How-to-Live|,,
hF1QsEWao-0,Seeing God in Everyone | How-to-Live Inspirational Talk,https://www.youtube.com/watch?v=hF1QsEWao-0,SRF|||| How-to-Live|,,
1gJx3NZJT-U,Self-Analysis: Key to the Mastery of Life | How-to-Live Talk With Meditation,https://www.youtube.com/watch?v=1gJx3NZJT-U,SRF|||| How-to-Live|,,
8Y49dcOC3-8,Self-Esteem: A Spiritual Perspective | How-to-Live Inspirational Talk,https://www.youtube.com/watch?v=8Y49dcOC3-8,SRF|||| How-to-Live|,,
pQiaX2FNROA,"Self-Realization Fellowship “How-to-Live” Summer Day Program for Youth, 2016",https://www.youtube.com/watch?v=pQiaX2FNROA,SRF||||Youth|,,
hopOOqHmeyM,"Self-Realization Fellowship “How-to-Live” Summer Day Program for Youth, 2017",https://www.youtube.com/watch?v=hopOOqHmeyM,SRF||||Youth|,,
UTh8xAtLHko,Self-Realization Fellowship Announces Major Enhancement & Expansion of SRF/YSS Lessons,https://www.youtube.com/watch?v=UTh8xAtLHko,SRF|||||,,
1jcGyNNwU_Q,Service — The Power of Love in Action | How-to-Live Talk with Meditation,https://www.youtube.com/watch?v=1jcGyNNwU_Q,SRF|||| How-to-Live|,,
usg-NGiHFq8,Spiegelbilder der Seele – 2015 Terminkalendar,https://www.youtube.com/watch?v=usg-NGiHFq8,SRF|||||,,
VHKp9-IQVJ8,Spiegelbilder der Seele – 2016 Terminkalender,https://www.youtube.com/watch?v=VHKp9-IQVJ8,SRF|||||,,
9BUDYHFG9-k,Spiegelbilder der Seele — 2020 Terminkalender,https://www.youtube.com/watch?v=9BUDYHFG9-k,SRF|||||,,
awy9MmlNiAM,Spiegelbilder der Seele — 2021 Terminkalender,https://www.youtube.com/watch?v=awy9MmlNiAM,SRF|||||,,
5eeiUlSwoFk,Spiegelbilder der Seele — 2022 Terminkalender,https://www.youtube.com/watch?v=5eeiUlSwoFk,SRF|||||,,
zQ5r6mWGY00,Spiegelbilder der Seele — 2023 Terminkalender,https://www.youtube.com/watch?v=zQ5r6mWGY00,SRF|||||,,
0QNvsR_-d-0,Spiegelbilder der Seele; Terminkalender 2017,https://www.youtube.com/watch?v=0QNvsR_-d-0,SRF|||||,,
pqkmBlyLtuw,Spiegelbilder der Seele; Terminkalender 2018,https://www.youtube.com/watch?v=pqkmBlyLtuw,SRF|||||,,
VBahh4fT0pA,Spiegelbilder der Seele; Terminkalender 2019,https://www.youtube.com/watch?v=VBahh4fT0pA,SRF|||||,,
j6uqw-eh25c,Spiritual Generosity — The Art of Selflessly Helping Others | How-to-Live Inspirational Talk,https://www.youtube.com/watch?v=j6uqw-eh25c,SRF|||| How-to-Live|,,
GPqp6Pwz7iQ,"Spiritual Happiness (Tapping Into the Soul’s Storehouse of Love, Peace, and Joy)",https://www.youtube.com/watch?v=GPqp6Pwz7iQ,SRF||||Happiness|,,
9OvLVXgOAzs,Spiritual Photosynthesis — Converting God’s Grace Into Soul-Nourishment | Brother Chidananda,https://www.youtube.com/watch?v=9OvLVXgOAzs,SRF|||| Brother Chidananda|,,
mWUEmPN6W24,Spiritual Photosynthesis — Converting God’s Grace Into Soul-Nourishment | Swami Chidananda Giri,https://www.youtube.com/watch?v=mWUEmPN6W24,YSS|||| Swami Chidananda Giri|,,
XCqyD1BWaww,Spirituality for the Modern World | “Solving the Mystery of Life” | Paramahansa Yogananda,https://www.youtube.com/watch?v=XCqyD1BWaww,SRF||||Solving the Mystery of Life,,
WbCZn3FUzNA,Spiritualizing Family Life | How-to-Live Talk with Meditation,https://www.youtube.com/watch?v=WbCZn3FUzNA,SRF|||| How-to-Live|,,
pA7AdKC9wzM,Spiritualizing Our Relationships | How-to-Live Inspirational Talk,https://www.youtube.com/watch?v=pA7AdKC9wzM,SRF|||| How-to-Live|,,
mjAywnOu71c,Spring 2011 Self Realization Magazine,https://www.youtube.com/watch?v=mjAywnOu71c,SRF|||||,,
ZByeSewxIpM,SRF Monks Kirtan (90-min) | 2022 Convocation,https://www.youtube.com/watch?v=ZByeSewxIpM,SRF|English||Kirtan| 2022| Convocation|,,
HQ15OsJDLUc,SRF Monks Kirtan With Meditation (3-hr) | 2022 Convocation,https://www.youtube.com/watch?v=HQ15OsJDLUc,SRF|English||Kirtan| 2022 |Convocation|,,
dmnfG6xk0yg,SRF Nuns Kirtan With Meditation (3-hr) | 2022 Convocation,https://www.youtube.com/watch?v=dmnfG6xk0yg,SRF|English||Kirtan| 2022 |Convocation|,,
Ew9gGxoUgcM,Strengthen the Mind for Success | From “Solving the Mystery of Life” by Paramahansa Yogananda,https://www.youtube.com/watch?v=Ew9gGxoUgcM,SRF|||| From “Solving the Mystery of Life” by Paramahansa Yogananda|,,
QNx_E4yoo4Y,Strengthening Character by Developing Spiritual Courage and Endurance | A talk by Brother Chidananda,https://www.youtube.com/watch?v=QNx_E4yoo4Y,SRF|||| Brother Chidananda|,,
ePYtHszT5Yw,Summer Day Program 2018—Boys Week,https://www.youtube.com/watch?v=ePYtHszT5Yw,SRF||||Youth|,,
hNYZEiZXoLM,Summer Day Program 2018—Girls Week,https://www.youtube.com/watch?v=hNYZEiZXoLM,SRF||||Youth|,,
Y5ajTH7f9Oc,Sustaining a Joyful Heart in Times of Adversity | How-to-Live Inspirational Talk,https://www.youtube.com/watch?v=Y5ajTH7f9Oc,SRF|||| How-to-Live|,,
Q6M3xbHvNaw,Taking Control of Your Life’s Destiny | How-to-Live Inspirational Talk,https://www.youtube.com/watch?v=Q6M3xbHvNaw,SRF|||| How-to-Live|,,
LJApmDERNvE,Taking Shelter in God | How-to-Live Inspirational Service,https://www.youtube.com/watch?v=LJApmDERNvE,SRF|||| How-to-Live|,,
ysEpelm0ge0,The Antidote for “Can’t Consciousness” | “Solving the Mystery of Life” | Paramahansa Yogananda,https://www.youtube.com/watch?v=ysEpelm0ge0,SRF||||Solving the Mystery of Life |,,
9Ec0LDIJWd8,The Art of Getting Along With Others | Brother Anandamoy,https://www.youtube.com/watch?v=9Ec0LDIJWd8,SRF|||| Brother Anandamoy|,,
KYxMO7svgPQ,The Art of Introspection for God-Realization | How-to-Live Inspirational Talk,https://www.youtube.com/watch?v=KYxMO7svgPQ,SRF|||| How-to-Live|,,
PF5Eywyk-s8,The Beginning of Paramahansa Yogananda's Mission | Sri Mrinalini Mata,https://www.youtube.com/watch?v=PF5Eywyk-s8,SRF|||| Sri Mrinalini Mata|,,
Q8uZVhpjh48,The Bhagavad Gita: Masterful Guide for Everyday Spiritual Living | Brother Chidananda,https://www.youtube.com/watch?v=Q8uZVhpjh48,SRF|||| Brother Chidananda|,,
Smrkwa-TQ-Y,The Caring Heart of Divine Mother | How-to-Live Talk With Meditation,https://www.youtube.com/watch?v=Smrkwa-TQ-Y,SRF|||| How-to-Live|,,
68ghbMwfeBQ,The Cosmic Motion Picture | How-to-Live Inspirational Service,https://www.youtube.com/watch?v=68ghbMwfeBQ,SRF|||| How-to-Live|,,
2Q-Ln683IAs,The Cosmic Mystery of Karma and Reincarnation | How-to-Live Inspirational Talk,https://www.youtube.com/watch?v=2Q-Ln683IAs,SRF|||| How-to-Live|,,
znt_o0qDY9s,The Deeper Teachings of Jesus | How-to-Live Talk With Meditation,https://www.youtube.com/watch?v=znt_o0qDY9s,SRF|English|How-to-Live|Brother Nikhilananda|Brother Chidananda|SRF Monastics|,completed,Brother Nikhilananda
CibwA-g_Yp8,The Deeper Teachings of Jesus Christ | How-to-Live Talk With Meditation,https://www.youtube.com/watch?v=CibwA-g_Yp8,SRF|||| How-to-Live|,,
Va_VWz22wc4,The Divine Nature of Christ | How-to-Live Talk With Meditation,https://www.youtube.com/watch?v=Va_VWz22wc4,SRF|||| How-to-Live|,,
vbV8frnJWuE,The Divine Nature of Christ | How-to-Live Talk With Meditation,https://www.youtube.com/watch?v=vbV8frnJWuE,SRF|||| How-to-Live|,,
2G9i65RmG50,The Final Days of Paramahansa Yogananda - A Talk by Sri Daya Mata (Third President of SRF/YSS),https://www.youtube.com/watch?v=2G9i65RmG50,SRF||||Sri Daya Mata|,,
raiq8ofnvRE,The Guru Is Not Just a Teacher | Brother Anandamoy,https://www.youtube.com/watch?v=raiq8ofnvRE,SRF|||| Brother Anandamoy|,,
7Nlj1fgz5CE,The Guru Is Not Limited by the Material World,https://www.youtube.com/watch?v=7Nlj1fgz5CE,SRF|||| Brother Bhaktananda|,,
mmz7vji2tLA,The Guru Stirs in Us a Divine Longing | Sri Mrinalini Mata,https://www.youtube.com/watch?v=mmz7vji2tLA,SRF|||| Sri Mrinalini Mata|,,
SkoXhqS8wnM,The Guru—Guide to Eternal Freedom | How-to-Live Inspirational Series,https://www.youtube.com/watch?v=SkoXhqS8wnM,SRF|||| How-to-Live|,,
ZVBkM9yWqzI,The Hidden Love and Joy of God | How-to-Live Inspirational Talk,https://www.youtube.com/watch?v=ZVBkM9yWqzI,SRF|||| How-to-Live|,,
aBVuiALRg-s,The Holy Ghost Aum Vibration | Sri Mrinalini Mata,https://www.youtube.com/watch?v=aBVuiALRg-s,SRF|||| Sri Mrinalini Mata|,,
DQJBGozjq1U,The Importance of Developing Evenmindedness | How-to-Live Talk With Meditation,https://www.youtube.com/watch?v=DQJBGozjq1U,SRF|||| How-to-Live|,,
D-DsiBVk4Cc,The Importance of Prayer | How-to-Live Talk With Meditation,https://www.youtube.com/watch?v=D-DsiBVk4Cc,SRF|||| How-to-Live|,,
Ukw0br8e41c,The Inner Battle Between Good and Evil | How-to-Live Talk With Meditation,https://www.youtube.com/watch?v=Ukw0br8e41c,SRF|||| How-to-Live|,,
Yx_H0-d1ZWA,The Inner Celebration of Diwali: Awakening to the Light of the Soul | Swami Chidananda Giri,https://www.youtube.com/watch?v=Yx_H0-d1ZWA,YSS|||| Swami Chidananda Giri|,,
fxt0VLnNeO8,The Interior Life | Sri Mrinalini Mata,https://www.youtube.com/watch?v=fxt0VLnNeO8,SRF|||| Sri Mrinalini Mata|,,
LHp3JDJ_zUc,The Kriya Yoga Path of Divine Living | Swami Chidananda Giri,https://www.youtube.com/watch?v=LHp3JDJ_zUc,YSS|||| Swami Chidananda Giri|,,
BTutIOFVScg,The Liberating Power of Affirmation | Brother Anandamoy,https://www.youtube.com/watch?v=BTutIOFVScg,SRF|||| Brother Anandamoy|,,
B1-lE46owck,The Liberating Power of Affirmation | How-to-Live Inspirational Service,https://www.youtube.com/watch?v=B1-lE46owck,SRF|||| How-to-Live|,,
F7UWN6PV4aI,The Life- and World-Changing Power of Prayer | 2021 Convocation,https://www.youtube.com/watch?v=F7UWN6PV4aI,SRF|||| 2021 |Convocation|,,
#NAME?,The Love and Wisdom of Paramahansa Yogananda | Sri Daya Mata,https://www.youtube.com/watch?v=-GD2Y2W8b_o,SRF|||| Sri Daya Mata|,,
sZCnSnAin68,The Message of Sacred Holiday Observances | Brother Chidananda,https://www.youtube.com/watch?v=sZCnSnAin68,SRF|||| Brother Chidananda|,,
rqnS4by1Onk,The Mother Aspect of God | Brother Anandamoy,https://www.youtube.com/watch?v=rqnS4by1Onk,SRF|||| Brother Anandamoy|,,
zTrE7DHOd70,The Mother Aspect of God | How-to-Live Talk With Meditation,https://www.youtube.com/watch?v=zTrE7DHOd70,SRF|||| How-to-Live|,,
HkyTmIM0g78,The Personal Approach to God | How-to-Live Inspirational Talk,https://www.youtube.com/watch?v=HkyTmIM0g78,SRF|||| How-to-Live|,,
2DAIRxadlo8,The Power of Love in Action | How-to-Live Talk With Meditation,https://www.youtube.com/watch?v=2DAIRxadlo8,SRF|||| How-to-Live|,,
M0GolXnb_aw,The Power of Spiritual Study | How-to-Live Talk With Meditation,https://www.youtube.com/watch?v=M0GolXnb_aw,SRF|||| How-to-Live|,,
FGWdZeYcfxs,The Purpose of Life | How-to-Live Talk With Meditation,https://www.youtube.com/watch?v=FGWdZeYcfxs,SRF|||| How-to-Live|,,
mvcbkCOhMrc,The Purpose of Life | How-to-Live Talk With Meditation,https://www.youtube.com/watch?v=mvcbkCOhMrc,SRF|||| How-to-Live|,,
fQliE6UpucI,The Purpose of Life | How-to-Live Talk With Meditation,https://www.youtube.com/watch?v=fQliE6UpucI,SRF|||| How-to-Live|,,
K2dGQ18Slhc,The Quest for God: Following an Illumined Teacher | How-to-Live Talk With Meditation,https://www.youtube.com/watch?v=K2dGQ18Slhc,SRF|||| How-to-Live|,,
3XPGg4Y0ObQ,The Science of Kriya Yoga | Inspirational Talk With Meditation,https://www.youtube.com/watch?v=3XPGg4Y0ObQ,SRF|||| Kriya Yoga|,,
Oq23a2RWZvc,The Second Coming of Christ: Making of a Scripture | Sri Daya Mata and Sri Mrinalini Mata,https://www.youtube.com/watch?v=Oq23a2RWZvc,SRF|||| Sri Daya Mata and Sri Mrinalini Mata|,,
babd9bYYcLw,The Secrets of Spiritual Progress | How-to-Live Inspirational Series,https://www.youtube.com/watch?v=babd9bYYcLw,SRF|||| How-to-Live|,,
ZPhLcR2yL7o,The Soul’s Greatest Need | How-to-Live Talk With Meditation,https://www.youtube.com/watch?v=ZPhLcR2yL7o,SRF|||| How-to-Live|,,
TrIeeg7t3kM,The Soul’s Nature Is Love | How-to-Live Talk With Meditation,https://www.youtube.com/watch?v=TrIeeg7t3kM,SRF|||| How-to-Live|,,
JgEsmQg9UqM,The Spiritual Art of Getting Along With Others | How-to-Live Talk With Meditation,https://www.youtube.com/watch?v=JgEsmQg9UqM,SRF|||| How-to-Live|,,
a7K2VVeDRqU,The Spiritual Benefits of Simplicity | Brother Bhaktananda,https://www.youtube.com/watch?v=a7K2VVeDRqU,SRF|||| Brother Bhaktananda|,,
u9rCXVveXLU,The Teachings of Paramahansa Yogananda — SRF/YSS App,https://www.youtube.com/watch?v=u9rCXVveXLU,SRF|||||,,
im_e1sIyQE4,The Teachings of Paramahansa Yogananda — SRF/YSS App | పరమహంస యోగానందగారి బోధనలు — SRF/YSS యాప్,https://www.youtube.com/watch?v=im_e1sIyQE4,YSS||||,,
TiY4fG0cKww,The Teachings of Paramahansa Yogananda—SRF/YSS App | परमहंस योगानन्द की शिक्षाएँ — एसआरएफ/वाईएसएस ऐप,https://www.youtube.com/watch?v=TiY4fG0cKww,YSS||||,,
GeUEkwbCYDY,The Transformative Power of Kriya Yoga by Swami Chidananda Giri,https://www.youtube.com/watch?v=GeUEkwbCYDY,YSS|||| Swami Chidananda Giri|,,
KzxxBK6f-lU,The True Meaning of Salvation | How-to-Live Talk With Meditation,https://www.youtube.com/watch?v=KzxxBK6f-lU,SRF|||| How-to-Live|,,
LbtXaWT8czs,The Unconditional Love of a True Guru (How-to-Live Inspirational Talk),https://www.youtube.com/watch?v=LbtXaWT8czs,SRF|||||,,
ZiKDOT65kyI,The Universe — God’s Cosmic Dream | How-to-Live Talk With Meditation,https://www.youtube.com/watch?v=ZiKDOT65kyI,SRF|||| How-to-Live|,,
EKA8-2FNjok,The Way to Lasting Peace and Happiness | How-to-Live Talk With Meditation,https://www.youtube.com/watch?v=EKA8-2FNjok,SRF|||| How-to-Live|,,
xUq1DQPLHRg,The Yoga Sadhana That Brings God’s Love and Bliss | Sri Mrinalini Mata,https://www.youtube.com/watch?v=xUq1DQPLHRg,SRF|||| Sri Mrinalini Mata|,,
DtUlxvDt93k,Thousands of Suns | Cosmic Chant by Paramahansa Yogananda,https://www.youtube.com/watch?v=DtUlxvDt93k,SRF|||| Cosmic Chant by Paramahansa Yogananda|,,
xn55kzo23d8,Three-hour Meditation With Kirtan | SRF Monks Kirtan Group | 2021 SRF World Convocation,https://www.youtube.com/watch?v=xn55kzo23d8,SRF|English||Kirtan| SRF Monks Kirtan Group |,,
q39wN3PxiO8,Three-hour Meditation With Kirtan | SRF Nuns Kirtan Group | 2021 SRF World Convocation,https://www.youtube.com/watch?v=q39wN3PxiO8,SRF|English||Kirtan| SRF Nuns Kirtan Group |,,
Up0sJOrRyLg,Three-Hour Meditation With Kirtan Led by SRF Monks’ Kirtan Group | 2025 Convocation,https://www.youtube.com/watch?v=Up0sJOrRyLg,SRF|English||Kirtan| 2025 |Convocation|,,
P3MvHfXpKes,Transform Your Life by Secret Whispers to God | How-to-Live Talk With Meditation,https://www.youtube.com/watch?v=P3MvHfXpKes,SRF|||| How-to-Live|,,
WQI6LwVQQvg,True Devotion: Living in God’s Presence Moment to Moment | How-to-Live Inspirational Service,https://www.youtube.com/watch?v=WQI6LwVQQvg,SRF|||| How-to-Live|,,
#NAME?,Understanding and Attuning Ourselves to the Power of Love | How-to-Live Talk With Meditation,https://www.youtube.com/watch?v=-U1w_JgRU4I,SRF|||| How-to-Live|,,
7BGXIKp3RWk,Understanding Karma by Brother Anandamoy,https://www.youtube.com/watch?v=7BGXIKp3RWk,SRF||||Brother Anandamoy|,,
77_Kbg1iclk,Uniting Our Will With God’s Infinite Power | How-to-Live Talk with Meditation,https://www.youtube.com/watch?v=77_Kbg1iclk,SRF|||| How-to-Live|,,
RHAAhaT2kKw,Uniting Your Will With God’s Unlimited Power | How-to-Live Talk With Meditation,https://www.youtube.com/watch?v=RHAAhaT2kKw,SRF|||| How-to-Live|,,
Sj8AWv3hSTc,Unraveling the Mystery of Life and Death | 2023 Convocation,https://www.youtube.com/watch?v=Sj8AWv3hSTc,SRF|||| 2023 |Convocation|,,
HXRIPPfydkQ,Update on New Edition of SRF Lessons,https://www.youtube.com/watch?v=HXRIPPfydkQ,SRF|||||,,
01uebItkLj0,Ways to Conquer Fear | How-to-Live Talk With Meditation,https://www.youtube.com/watch?v=01uebItkLj0,SRF|||| How-to-Live|,,
uwYA_v9I_Gs,Ways to Conquer Fear | How-to-Live Talk With Meditation,https://www.youtube.com/watch?v=uwYA_v9I_Gs,SRF|||| How-to-Live|,,
6PYyvmQqkKA,What is Kriya Yoga | Benefits of Kriya Yoga | How to learn Kriya Yoga | Swami Chidananda Giri,https://www.youtube.com/watch?v=6PYyvmQqkKA,YSS|||| Benefits of Kriya Yoga |,,
1Louhg339RQ,What Is Kriya Yoga? | Brother Chidananda,https://www.youtube.com/watch?v=1Louhg339RQ,SRF|||| Brother Chidananda|,,
UZp5f8RqEkg,What Is Salvation? | How-to-Live Talk With Meditation,https://www.youtube.com/watch?v=UZp5f8RqEkg,SRF|||| How-to-Live|,,
mPq3iydbKAk,What Is the Soul? | How-to-Live Talk With Meditation,https://www.youtube.com/watch?v=mPq3iydbKAk,SRF|||| How-to-Live|,,
oUgZ2gtqZ5w,What Is Truth? | How-to-Live Talk With Meditation,https://www.youtube.com/watch?v=oUgZ2gtqZ5w,SRF|||| How-to-Live|,,
pFJqxfV5cmw,What Is Truth? | How-to-Live Talk With Meditation,https://www.youtube.com/watch?v=pFJqxfV5cmw,SRF|||| How-to-Live|,,
ZUk2wJQyUlM,"What Is Yoga, Truly? | 8th UN International Day of Yoga | Talk With Guided Meditation",https://www.youtube.com/watch?v=ZUk2wJQyUlM,SRF|||International Day of Yoga |,,
uQFI4A5ZYTc,When I Am Only a Dream | A Poem by Paramahansa Yogananda Read by Sri Daya Mata,https://www.youtube.com/watch?v=uQFI4A5ZYTc,SRF|||| When I Am Only a Dream | Daya Mata|,,
X4vn2cZRKMw,"Where Krishna Is, There Is Victory | Discourse by Swami Chaitanayananda Giri — in Hindi",https://www.youtube.com/watch?v=X4vn2cZRKMw,YSS|Hindi||| Discourse by Swami Chaitanayananda Giri — in Hindi|,,
sfnY4_uc-98,Wine of the Mystic – The Rubaiyat of Omar Khayyam: A Spiritual Interpretation,https://www.youtube.com/watch?v=sfnY4_uc-98,SRF|||| Rubaiyat of Omar Khayyam|,,
LOuNn_KPrqc,Winning the Battle of Life (Kurukshetra Within Me) - Part - 2 | Swami Smaranananda Giri,https://www.youtube.com/watch?v=LOuNn_KPrqc,YSS|||| Swami Smaranananda Giri|,,
w4aXXZw8qZY,Winning the Battle of Life (Kurukshetra Within Me) - Part - 3 | Swami Smaranananda Giri,https://www.youtube.com/watch?v=w4aXXZw8qZY,YSS|||| Swami Smaranananda Giri|,,
BNud4LMtF4Y,Winning the Battle of Life (Kurukshetra Within Me) - Part - 4 | Swami Smaranananda Giri,https://www.youtube.com/watch?v=BNud4LMtF4Y,YSS|||| Swami Smaranananda Giri|,,
Gc0-skd_7Pc,Winning the Battle of Life (Kurukshetra Within Me) - Part - 5 | Swami Smaranananda Giri,https://www.youtube.com/watch?v=Gc0-skd_7Pc,YSS|||| Swami Smaranananda Giri|,,
NOOhLX4lYdo,Winning the Battle of Life (Kurukshetra Within Me) - Part I | Swami Smaranananda Giri,https://www.youtube.com/watch?v=NOOhLX4lYdo,YSS|||| Swami Smaranananda Giri|,,
GBnpmjgxnHI,Wisdom of Bhagavad Gita: Arjuna’s Refusal to Fight (The Devotee’s Reluctance to Overcome Bad Traits),https://www.youtube.com/watch?v=GBnpmjgxnHI,YSS|||||,,
01aa1sSOvis,Workshop: Finding Spiritual Balance in Your Life | How-to-Live Inspirational Service,https://www.youtube.com/watch?v=01aa1sSOvis,SRF|||| How-to-Live|,,
0v0mSdfvISs,World Peace Through Meditation | How-to-Live Talk With Meditation,https://www.youtube.com/watch?v=0v0mSdfvISs,SRF|||| How-to-Live|,,
TiPcpoQSY5w,Yama and Niyama: “How-to-Live” Skills for Inner Strength and Freedom | Brother Chidananda,https://www.youtube.com/watch?v=TiPcpoQSY5w,SRF|||| Brother Chidananda|,,
wTj0C9H-vdk,Yoga — Uniting Our World Family | 7th UN International Day of Yoga | Talk with Guided Meditation,https://www.youtube.com/watch?v=wTj0C9H-vdk,SRF|||| International Day of Yoga |,,
QAJOfn_cBAs,Yoga and the Steps to Unconditional Love,https://www.youtube.com/watch?v=QAJOfn_cBAs,SRF|||||,,
cy1J6DU_4A8,Yogananda’s “Super-Art of Living” and the Benefits of Scheduling Your Life | Brother Chidananda,https://www.youtube.com/watch?v=cy1J6DU_4A8,SRF|||| Brother Chidananda|,,
GuHqQO3tnjQ,Yogananda’s Founding of the SRF International Headquarters in 1925,https://www.youtube.com/watch?v=GuHqQO3tnjQ,SRF|||||,,
srH0gluMeg8,You Can Know God in This Life | Brother Anandamoy,https://www.youtube.com/watch?v=srH0gluMeg8,SRF|||| Brother Anandamoy|,,
McoYnazgon8,You’re Invited to the 2022 SRF Convocation  — August 14–20 | The Teachings of Paramahansa Yogananda,https://www.youtube.com/watch?v=McoYnazgon8,SRF|||| The Teachings of Paramahansa Yogananda|,,
Qy_QgRrMCfE,You’re Invited to YSS Sangam 2023 — February 12–16 | The Teachings of Paramahansa Yoganandaji,https://www.youtube.com/watch?v=Qy_QgRrMCfE,YSS|||| The Teachings of Paramahansa Yoganandaji|,,
LyBGdIHMX1k,You’re invited! | 2024 Convocation,https://www.youtube.com/watch?v=LyBGdIHMX1k,SRF|||| 2024 |Convocation|,,
D3e6BpyWURM,You’re Invited! | SRF 2023 World Convocation,https://www.youtube.com/watch?v=D3e6BpyWURM,SRF||||2023| Convocation|,,
P7jeX5MyR3I,Your Thoughts Can Change Your Life | Brother Anandamoy,https://www.youtube.com/watch?v=P7jeX5MyR3I,SRF|||| Brother Anandamoy|,,
i6aEy6S_XR8,"YSS Initiatives during Covid-19 pandemic | Online Meditation, Inspiration, and Covid-19 Relief Work",https://www.youtube.com/watch?v=i6aEy6S_XR8,"YSS|||| Online Meditation, Inspiration, and Covid-19 Relief Work|",,
vBAaK0TZWCQ,YSS Smriti Mandir Dedication With Brother Anandamoy,https://www.youtube.com/watch?v=vBAaK0TZWCQ,SRF||||Brother Anandamoy|,,
a9zoUo2JtXE,प्रकाश के रूप में ईश्वर | Guided Meditation on God as Light | YSS,https://www.youtube.com/watch?v=a9zoUo2JtXE,YSS|||| Guided Meditation | God as Light |,,
nyhF6D4wI-s,प्रेम का विस्तार | Guided Meditation on Expanding Love | YSS,https://www.youtube.com/watch?v=nyhF6D4wI-s,YSS|||| Guided Meditation | Expanding Love |,,
9CzAVpKZbjo,शांति | Guided Meditation on Peace | YSS,https://www.youtube.com/watch?v=9CzAVpKZbjo,YSS|||| Guided Meditation | Peace |,,
nTcJGu7UHM4,அமைதி | Guided Meditation on Peace | YSS,https://www.youtube.com/watch?v=nTcJGu7UHM4,YSS|||| Guided Meditation |Peace |,,
GWcMS-t9JKc,அன்பை விரிவுபடுத்துதல் பற்றிய வழிநடத்தப்பட்ட தியானம் | Guided Meditation on Expanding Love | YSS,https://www.youtube.com/watch?v=GWcMS-t9JKc,YSS|||| Guided Meditation | Expanding Love |,,
MB_URbU8sIk,இறைவனை நம் வாழ்க்கையில் துணைவன் ஆக்குதல் |  YSS Sannyasi Swami Pavitrananda Giri,https://www.youtube.com/watch?v=MB_URbU8sIk,YSS||||Swami Pavitrananda Giri|,,
Si0_Dj1pHwc,உணர்வுநிலையின் விரிவாக்கம் | Guided Meditation on Expansion of Consciousness | YSS,https://www.youtube.com/watch?v=Si0_Dj1pHwc,YSS|||| Guided Meditation | Expansion of Consciousness |,,
S6jJuetwJfs,ஒளியாக இறைவன் பற்றிய வழிநடத்தப்பட்ட தியானம் | Guided Meditation on God as Light | YSS,https://www.youtube.com/watch?v=S6jJuetwJfs,YSS|||| Guided Meditation | God as Light |,,
qZlXeRxQLRY,பயமின்றி வாழ்தல் பற்றிய வழிநடத்தப்பட்ட தியானம் | Guided Meditation on Living Fearlessly | YSS,https://www.youtube.com/watch?v=qZlXeRxQLRY,YSS|||| Guided Meditation|Living Fearlessly |,,
y2_wCoWaotc,வெற்றிக்காக ஓர் அகச்சூழலை உருவாக்குதல் | Creating Inner Environment for Success,https://www.youtube.com/watch?v=y2_wCoWaotc,YSS||||  Success|,,
mjzEn4-V290,కాంతిగా దేవుడు దీనిపై నిర్దేశిత ధ్యానాలు | God as Light | Yogoda Satsanga Society of India,https://www.youtube.com/watch?v=mjzEn4-V290,YSS|||| God as Light |,,
_NYMzZY8kNo,చైతన్యాన్ని విస్తరించడం దీనిపై నిర్దేశిత ధ్యానం | Expansion of Consciousness | YSS,https://www.youtube.com/watch?v=_NYMzZY8kNo,YSS|||| Expansion of Consciousness |,,
jBH5HUX6M4A,జీవన సమరంలో విజయం సాధించడం (నా లోపలి కురుక్షేత్రం) | వైఎస్ఎస్ స్వామి స్మరణానంద ద్వారా తెలుగు ప్రసంగం,https://www.youtube.com/watch?v=jBH5HUX6M4A,YSS|||,,
D95sHl_xu5E,జీవన సమరంలో విజయం సాధించడం (నా లోపలి కురుక్షేత్రం) మూడవ భాగం | YSS సన్యాసి  స్వామి స్మరణానంద గిరి,https://www.youtube.com/watch?v=D95sHl_xu5E,YSS||,,
m5xg9wpzITY,నిర్భయంగా జీవించడం దీనిపై నిర్దేశిత ధ్యానం | Living Fearlessly | Yogoda Satsanga Society of India,https://www.youtube.com/watch?v=m5xg9wpzITY,YSS|||| Living Fearlessly |,,
ulsPFRADx0s,ప్రేమను విస్తరింపజేయడం దీనిపై నిర్దేశిత ధ్యానాలు | Expanding Love | Yogoda Satsanga Society of India,https://www.youtube.com/watch?v=ulsPFRADx0s,YSS|||| Expanding Love |,,
Kr05e3Co52M,మార్గదర్శక ధ్యానాలకు పరిచయం | Introduction to Guided Meditations | Yogoda Satsanga Society of India,https://www.youtube.com/watch?v=Kr05e3Co52M,YSS||||  Guided Meditations |,,
q4O9uRBWIB4,యోగా-ధ్యానం ద్వారా సంతులనాన్ని మరియు ప్రశాంతతను కనుగొనడం | 2024 International Day of Yoga | Telugu,https://www.youtube.com/watch?v=q4O9uRBWIB4,YSS|Telugu |2024 |International Day of Yoga |,,
pG8FlyWAONg,శాంతి దీనిపై నిర్దేశిత ధ్యానాలు | Guided Meditation on Peace | Yogoda Satsanga Society of India,https://www.youtube.com/watch?v=pG8FlyWAONg,YSS|||| Guided Meditation| Peace,,
UqpzOsrKdsQ,సాఫల్యం కోసం ఒక ఆంతరిక వాతావరణాన్ని సృష్టించడం | Creating Inner Environment for Success | YSS,https://www.youtube.com/watch?v=UqpzOsrKdsQ,YSS|||| Creating Inner Environment for Success |,,
V7XyjbnyCYk,ಆಂತರಿಕ ಪರಿಸರವನ್ನು ಸೃಷ್ಟಿಸಿಕೊಳ್ಳುವುದು |Guided Meditation on Creating An Inner Environment For Success,https://www.youtube.com/watch?v=V7XyjbnyCYk,YSS||||Guided Meditation| Success,,
yKiTRFpl1os,ಭಗವಂತ ಬೆಳಕಾಗಿ | Guided Meditation on God as Light | YSS,https://www.youtube.com/watch?v=yKiTRFpl1os,YSS|||| Guided Meditation on God as Light |,,
s2gbuOvlsmU,ಯೋಗ-ಧ್ಯಾನದ ಮೂಲಕ ಸಮತೋಲನ ಹಾಗೂ ಪ್ರಶಾಂತತೆಯನ್ನು ಕಂಡುಕೊಳ್ಳುವುದು | 2024 International Day of Yoga | Kannada,https://www.youtube.com/watch?v=s2gbuOvlsmU,YSS|Kannada||| 2024 | International Day of Yoga |,,
Rc5Twttk5Mw,Hymn to Brahma,https://www.youtube.com/watch?v=Rc5Twttk5Mw,Kirtan | English|Hymn Brahma|The Ocean of Love|Kamlanada|SRF Monks,,
YnBLADvOleE,Dawn Chant,https://www.youtube.com/watch?v=YnBLADvOleE,Kirtan | English|Dawn Chant|The Ocean of Love|Kamlanada|SRF Monks,,
kd4H7nnnB8Y,Brindavan Vihari,https://www.youtube.com/watch?v=kd4H7nnnB8Y,Kirtan | English|Brindavan Vihari|The Ocean of Love|Kamlanada|SRF Monks,,
OfGe2pmnA48,Om Kali,https://www.youtube.com/watch?v=OfGe2pmnA48,Kirtan | English|Kali|The Ocean of Love|Kamlanada|SRF Monks,,
zcJda9_MuGY,Do Not Dry the Ocean of My Love,https://www.youtube.com/watch?v=zcJda9_MuGY,Kirtan | English|Not Dry Ocean Love|The Ocean of Love|Kamlanada|SRF Monks,,
MNZVJDr4l90,"Jai Guru, Jai Ma",https://www.youtube.com/watch?v=MNZVJDr4l90,Kirtan | English|Jai Guru|The Ocean of Love|Kamlanada|SRF Monks,,
LZ4heAblFzQ,My Krishna Is Blue,https://www.youtube.com/watch?v=LZ4heAblFzQ,Kirtan | English|Krishna Blue|The Ocean of Love|Kamlanada|SRF Monks,,
nIDLu09FRyA,Thou Art My Life,https://www.youtube.com/watch?v=nIDLu09FRyA,Kirtan | English|Thou Art Life|The Ocean of Love|Kamlanada|SRF Monks,,
Gkrti3-1LjA,"I Am the Bubble, Make Me the Sea",https://www.youtube.com/watch?v=Gkrti3-1LjA,Kirtan | English|Bubble Make Sea|The Ocean of Love|Kamlanada|SRF Monks,,
RrZT6ATYNjc,Om Namo Bhagavate Vasudevaya,https://www.youtube.com/watch?v=RrZT6ATYNjc,Kirtan | English|Namo Bhagavate Vasudevaya|The Ocean of Love|Kamlanada|SRF Monks,,
dO2cbEY61lw,Ever New Joy,https://www.youtube.com/watch?v=dO2cbEY61lw,Kirtan | English|Ever New Joy|The Ocean of Love|Kamlanada|SRF Monks,,
WUX6g83IR34,When Thy Song Flows Through Me,https://www.youtube.com/watch?v=WUX6g83IR34,Kirtan | English|When Thy Song Flows Through|The Ocean of Love|Kamlanada|SRF Monks,,
c4N3fCg8AR0,Hymn to Brahma,https://www.youtube.com/watch?v=c4N3fCg8AR0,Kirtan | English|Hymn Brahma|Listen to My Soul Song|Premamai|SRF Nuns,,
RtxaSGVLiHI,At Thy Feet,https://www.youtube.com/watch?v=RtxaSGVLiHI,Kirtan | English|Thy Feet|Listen to My Soul Song|Premamai|SRF Nuns,,
MQZvITlGMkI,Sri Guru Sharanam,https://www.youtube.com/watch?v=MQZvITlGMkI,Kirtan | English|Sri Guru Sharanam|Listen to My Soul Song|Premamai|SRF Nuns,,
gHVdC3yiSu8,"Will That Day Come to Me, Mother?",https://www.youtube.com/watch?v=gHVdC3yiSu8,Kirtan | English|Will That Day Come Mother|Listen to My Soul Song|Premamai|SRF Nuns,,
0ikmHYSpT3A,Blue Lotus Feet,https://www.youtube.com/watch?v=0ikmHYSpT3A,Kirtan | English|Blue Lotus Feet|Listen to My Soul Song|Premamai|SRF Nuns,,
UgmKA0pxP0s,My Krishna Is Blue,https://www.youtube.com/watch?v=UgmKA0pxP0s,Kirtan | English|Krishna Blue|Listen to My Soul Song|Premamai|SRF Nuns,,
mxKZdxvWCrY,Govinda Jai Jai,https://www.youtube.com/watch?v=mxKZdxvWCrY,Kirtan | English|Govinda Jai|Listen to My Soul Song|Premamai|SRF Nuns,,
NuxP3UX_SUY,When Thy Song Flows Through Me,https://www.youtube.com/watch?v=NuxP3UX_SUY,Kirtan | English|When Thy Song Flows Through|Listen to My Soul Song|Premamai|SRF Nuns,,
Zf6a2fXS9VU,Jai Guru Jai,https://www.youtube.com/watch?v=Zf6a2fXS9VU,Kirtan | English|Jai Guru|Listen to My Soul Song|Premamai|SRF Nuns,,
Shof_WmmlG0,Om Shanti,https://www.youtube.com/watch?v=Shof_WmmlG0,Kirtan | English|Shanti|Listen to My Soul Song|Premamai|SRF Nuns,,
TR4SBHRZUE8,Aum Intro / Hymn to Brahman,https://www.youtube.com/watch?v=TR4SBHRZUE8,Kirtan | English|Aum Intro Hymn Brahman|Come Out of the Silent Sky|Baskaranada|SRF Monks,,
R4I-zcV7tNE,I Give You My Soul Call,https://www.youtube.com/watch?v=R4I-zcV7tNE,Kirtan | English|Give You Soul Call|Come Out of the Silent Sky|Baskaranada|SRF Monks,,
FPse1MZLiuM,Who Is In My Temple?,https://www.youtube.com/watch?v=FPse1MZLiuM,Kirtan | English|Who Temple|Come Out of the Silent Sky|Baskaranada|SRF Monks,,
iadprkEqREE,What Lightning Flash,https://www.youtube.com/watch?v=iadprkEqREE,Kirtan | English|What Lightning Flash|Come Out of the Silent Sky|Baskaranada|SRF Monks,,
HvKaDD1IEw0,Wink Has Not Touched My Eyes,https://www.youtube.com/watch?v=HvKaDD1IEw0,Kirtan | English|Wink Has Not Touched Eyes|Come Out of the Silent Sky|Baskaranada|SRF Monks,,
THH3-_uJq2g,Narayan Kirtan,https://www.youtube.com/watch?v=THH3-_uJq2g,Kirtan | English|Narayan Kirtan|Come Out of the Silent Sky|Baskaranada|SRF Monks,,
LzQmWfPc5jU,"Madhura, Madhura Naam / Namo Namaste",https://www.youtube.com/watch?v=LzQmWfPc5jU,Kirtan | English|Madhura Naam Namo Namaste|Come Out of the Silent Sky|Baskaranada|SRF Monks,,
zPUzuy6hcoE,Hymn to Brahma,https://www.youtube.com/watch?v=zPUzuy6hcoE,Kirtan | English|Hymn Brahma|O Blazing Light|Baskaranada|SRF Monks,,
kE-i8p-wGdA,Dawn Chant,https://www.youtube.com/watch?v=kE-i8p-wGdA,Kirtan | English|Dawn Chant|O Blazing Light|Baskaranada|SRF Monks,,
Au30AuaIEog,Govinda Jai Jai,https://www.youtube.com/watch?v=Au30AuaIEog,Kirtan | English|Govinda Jai|O Blazing Light|Baskaranada|SRF Monks,,
9jJW93JMFxs,Blue Lotus Feet,https://www.youtube.com/watch?v=9jJW93JMFxs,Kirtan | English|Blue Lotus Feet|O Blazing Light|Baskaranada|SRF Monks,,
vQKGqftLSXs,Swami Ram Tirtha’s Song,https://www.youtube.com/watch?v=vQKGqftLSXs,Kirtan | English|Swami Ram Tirthas Song|O Blazing Light|Baskaranada|SRF Monks,,
4WzwdIJJ8DA,Om Kali,https://www.youtube.com/watch?v=4WzwdIJJ8DA,Kirtan | English|Kali|O Blazing Light|Baskaranada|SRF Monks,,
FnL2A5_2sbQ,Gurudeva,https://www.youtube.com/watch?v=FnL2A5_2sbQ,Kirtan | English|Gurudeva|O Blazing Light|Baskaranada|SRF Monks,,
K2ed6uMPSZc,Namo Namaste,https://www.youtube.com/watch?v=K2ed6uMPSZc,Kirtan | English|Namo Namaste|O Blazing Light|Baskaranada|SRF Monks,,
5AvzM_Ljdaw,"Come, Listen to My Soul Song",https://www.youtube.com/watch?v=5AvzM_Ljdaw,Kirtan | English|Come Listen Soul Song|Thy Heart of Hearts|Kamlanada|SRF Monks,,
DAvau8w3d4A,"Amaraguru, Yogananda",https://www.youtube.com/watch?v=DAvau8w3d4A,Kirtan | English|Amaraguru Yogananda|Thy Heart of Hearts|Kamlanada|SRF Monks,,
u-j-fNkNxac,O Thou Blue Sky,https://www.youtube.com/watch?v=u-j-fNkNxac,Kirtan | English|Thou Blue Sky|Thy Heart of Hearts|Kamlanada|SRF Monks,,
OMAS58Z6P-I,At Thy Feet,https://www.youtube.com/watch?v=OMAS58Z6P-I,Kirtan | English|Thy Feet|Thy Heart of Hearts|Kamlanada|SRF Monks,,
O3SBN67-hDc,In the Land Beyond My Dreams,https://www.youtube.com/watch?v=O3SBN67-hDc,Kirtan | English|Land Beyond Dreams|Thy Heart of Hearts|Kamlanada|SRF Monks,,
K5LzMw2NR-k,Thousands of Suns,https://www.youtube.com/watch?v=K5LzMw2NR-k,Kirtan | English|Thousands Suns|Thy Heart of Hearts|Kamlanada|SRF Monks,,
6OHyDyVm9wU,Cloud-Colored Christ,https://www.youtube.com/watch?v=6OHyDyVm9wU,Kirtan | English|CloudColored Christ|Thy Heart of Hearts|Kamlanada|SRF Monks,,
hkZ1wB0PEOk,Receive Me on Thy Lap,https://www.youtube.com/watch?v=hkZ1wB0PEOk,Kirtan | English|Receive Thy Lap|Thy Heart of Hearts|Kamlanada|SRF Monks,,
-ytgLWdJUik,"From This Sleep, Lord",https://www.youtube.com/watch?v=-ytgLWdJUik,Kirtan | English|From This Sleep Lord|Thy Heart of Hearts|Kamlanada|SRF Monks,,
ZJkaKJdzUhU,Hare Krishna,https://www.youtube.com/watch?v=ZJkaKJdzUhU,Kirtan | English|Hare Krishna|Thy Heart of Hearts|Kamlanada|SRF Monks,,
jqj5hwxDfBA,Where Is There Love?,https://www.youtube.com/watch?v=jqj5hwxDfBA,Kirtan | English|Where There Love|Thy Heart of Hearts|Kamlanada|SRF Monks,,
Gd9gYcaXjco,Yogananda Sharanam,https://www.youtube.com/watch?v=Gd9gYcaXjco,Kirtan | English|Yogananda Sharanam|Thy Heart of Hearts|Kamlanada|SRF Monks,,
pr5NNezfNgE,Hymn to Brahma,https://www.youtube.com/watch?v=pr5NNezfNgE,Kirtan | English|Hymn Brahma|Ever New Joy|Premamai|SRF Nuns,,
3JtTQzZYQgc,Amaraguru Yogananda,https://www.youtube.com/watch?v=3JtTQzZYQgc,Kirtan | English|Amaraguru Yogananda|Ever New Joy|Premamai|SRF Nuns,,
-mI5NZt35X0,Search Him Out in Secret,https://www.youtube.com/watch?v=-mI5NZt35X0,Kirtan | English|Search Him Out Secret|Ever New Joy|Premamai|SRF Nuns,,
IPjp5WgxdqQ,Hey Bhagavan,https://www.youtube.com/watch?v=IPjp5WgxdqQ,Kirtan | English|Hey Bhagavan|Ever New Joy|Premamai|SRF Nuns,,
ENx8UKqJATs,Hare Krishna,https://www.youtube.com/watch?v=ENx8UKqJATs,Kirtan | English|Hare Krishna|Ever New Joy|Premamai|SRF Nuns,,
XO5Ea_KZ6wc,I Give You My Soul Call,https://www.youtube.com/watch?v=XO5Ea_KZ6wc,Kirtan | English|Give You Soul Call|Ever New Joy|Premamai|SRF Nuns,,
yBml0dMPA10,Ever New Joy,https://www.youtube.com/watch?v=yBml0dMPA10,Kirtan | English|Ever New Joy|Ever New Joy|Premamai|SRF Nuns,,
dqJOYQ9v7YE,I Will Sing Thy Name,https://www.youtube.com/watch?v=dqJOYQ9v7YE,Kirtan | English|Will Sing Thy Name|Ever New Joy|Premamai|SRF Nuns,,
hrihi0H-txw,Spirit and Nature,https://www.youtube.com/watch?v=hrihi0H-txw,Kirtan | English|Spirit Nature|Ever New Joy|Premamai|SRF Nuns,,
FwTeRCBokZQ,Deliver Us From Delusion,https://www.youtube.com/watch?v=FwTeRCBokZQ,Kirtan | English|Deliver From Delusion|Ever New Joy|Premamai|SRF Nuns,,
1aBSfh5r-2o,A God You Can Relate To,https://www.youtube.com/watch?v=1aBSfh5r-2o,English|God You Can Relate|Inspirational Inspirational Clips||,,
NRuiugdzrEA,Your Real Nature Is Joy,https://www.youtube.com/watch?v=NRuiugdzrEA,English|Your Real Nature Joy|Inspirational Inspirational Clips||,,
ozg-3QB1EIk,Prayer Is an Intimate Conversation With God,https://www.youtube.com/watch?v=ozg-3QB1EIk,English|Prayer Intimate Conversation God|Inspirational Inspirational Clips||,,
JcwdYg1Dwmg,God Loves Us as We Are,https://www.youtube.com/watch?v=JcwdYg1Dwmg,English|God Loves Are|Inspirational Inspirational Clips||,,
kJHRZgBX4RU,“Trying On” Personal Change,https://www.youtube.com/watch?v=kJHRZgBX4RU,English|Trying Personal Change|Inspirational Inspirational Clips||,,
5_WPl1HVCGo,Discover the Joy of the Soul | 2026 SRF World Convocation,https://www.youtube.com/watch?v=5_WPl1HVCGo,English|Discover Joy Soul 2026 SRF|Inspirational Inspirational Clips||,,
1hEhGN4PVo4,“I Give You My Soul Call” | A Guided Meditation,https://www.youtube.com/watch?v=1hEhGN4PVo4,English|Give You Soul Call Guided|Inspirational Inspirational Clips||,,
-Mxf7alEQjw,Overcoming Fear With Divine Vibrations | Brother Chidananda,https://www.youtube.com/watch?v=-Mxf7alEQjw,English|Overcoming Fear Divine Vibrations Brother|Inspirational Inspirational Clips||,,
E-Sjl_LKkF4,Use Your Initiative to Find Lasting Joy,https://www.youtube.com/watch?v=E-Sjl_LKkF4,English|Use Your Initiative Find Lasting|Inspirational Inspirational Clips||,,
1H8Ee88Y8Ug,Gratitude Brings Happiness,https://www.youtube.com/watch?v=1H8Ee88Y8Ug,English|Gratitude Brings Happiness|Inspirational Inspirational Clips||,,
WSJl9D9RHlI,Learn to Love God Through Yoga Meditation,https://www.youtube.com/watch?v=WSJl9D9RHlI,English|Learn Love God Through Yoga|Inspirational Inspirational Clips||,,
NCV3FVBadWQ,Guided Visualization on Ever-Expanding Love by Paramahansa Yogananda,https://www.youtube.com/watch?v=NCV3FVBadWQ,English|Guided Visualization EverExpanding Love Paramahansa|Inspirational Inspirational Clips||,,
dKtggFgR79k,You Will Realize God,https://www.youtube.com/watch?v=dKtggFgR79k,English|You Will Realize God|Inspirational Inspirational Clips||,,
QqqnTYFC3hU,God Will Answer You | Yogananda’s “How-to-Live” Wisdom,https://www.youtube.com/watch?v=QqqnTYFC3hU,English|God Will Answer You Yoganandas|Inspirational Inspirational Clips||,,
D_tdWu5MGlg,Keep More of Your Consciousness Within,https://www.youtube.com/watch?v=D_tdWu5MGlg,English|Keep More Your Consciousness Within|Inspirational Inspirational Clips||,,
xMBNMnS3YDY,We Need a Guide on the Spiritual Path,https://www.youtube.com/watch?v=xMBNMnS3YDY,English|Need Guide Spiritual Path|Inspirational Inspirational Clips||,,
7KpZ3zQKIAQ,The Eternal Life of God | An Affirmation by Paramahansa Yogananda,https://www.youtube.com/watch?v=7KpZ3zQKIAQ,English|Eternal Life God Affirmation Paramahansa|Inspirational Inspirational Clips||,,
ECB1F9wE2wQ,Radiate Your Love to Others,https://www.youtube.com/watch?v=ECB1F9wE2wQ,English|Radiate Your Love Others|Inspirational Inspirational Clips||,,
Nw-izzO9-qM,Stay Close to God,https://www.youtube.com/watch?v=Nw-izzO9-qM,English|Stay Close God|Inspirational Inspirational Clips||,,
LbyoZx-bs6c,Yogananda’s Kriya Yoga Harmonizes Our Inner Life,https://www.youtube.com/watch?v=LbyoZx-bs6c,English|Yoganandas Kriya Yoga Harmonizes Our|Inspirational Inspirational Clips||,,
W8a2O5-gpC8,The Highest Joy in Life,https://www.youtube.com/watch?v=W8a2O5-gpC8,English|Highest Joy Life|Inspirational Inspirational Clips||,,
El7frk-iMec,The Supreme Gift | Yogananda’s “How-to-Live” Wisdom,https://www.youtube.com/watch?v=El7frk-iMec,English|Supreme Gift Yoganandas HowtoLive Wisdom|Inspirational Inspirational Clips||,,
PCIn1miQtQ4,You Can Find Peace in the New Year,https://www.youtube.com/watch?v=PCIn1miQtQ4,English|You Can Find Peace New|Inspirational Inspirational Clips||,,
wxzPhOUqfI8,How to Improve the World We Live In,https://www.youtube.com/watch?v=wxzPhOUqfI8,English|How Improve World Live|Inspirational Inspirational Clips||,,
-UOAQlzbfVo,Tough Experiences Bring Out Our Strength,https://www.youtube.com/watch?v=-UOAQlzbfVo,English|Tough Experiences Bring Out Our|Inspirational Inspirational Clips||,,
F1j0pl-iH8Q,What Is Self-realization?,https://www.youtube.com/watch?v=F1j0pl-iH8Q,English|What Selfrealization|Inspirational Inspirational Clips||,,
CHdjOkUbBNs,“The Cosmic Sphere of Love” | An Affirmation by Paramahansa Yogananda,https://www.youtube.com/watch?v=CHdjOkUbBNs,English|Cosmic Sphere Love Affirmation Paramahansa|Inspirational Inspirational Clips||,,
KonJOVGtRzk,Meditation Awakens Divine Realization,https://www.youtube.com/watch?v=KonJOVGtRzk,English|Meditation Awakens Divine Realization|Inspirational Inspirational Clips||,,
i6hVyuVDWEw,We Can All Have Divine Joy,https://www.youtube.com/watch?v=i6hVyuVDWEw,English|Can All Have Divine Joy|Inspirational Inspirational Clips||,,
gfJmynBOM40,Our Relationship With God | Yogananda’s “How-to-Live” Wisdom,https://www.youtube.com/watch?v=gfJmynBOM40,English|Our Relationship God Yoganandas HowtoLive|Inspirational Inspirational Clips||,,
-Xk73ENV-40,The Power to Accomplish | Yogananda’s “How-to-Live” Wisdom,https://www.youtube.com/watch?v=-Xk73ENV-40,English|Power Accomplish Yoganandas HowtoLive Wisdom|Inspirational Inspirational Clips||,,
Jk2il25SKqs,You Are Unique | Yogananda’s “How-to-Live” Wisdom,https://www.youtube.com/watch?v=Jk2il25SKqs,English|You Are Unique Yoganandas HowtoLive|Inspirational Inspirational Clips||,,
XENzQdN-DLc,Be on Fire With Purpose | Yogananda’s “How-to-Live” Wisdom,https://www.youtube.com/watch?v=XENzQdN-DLc,English|Fire Purpose Yoganandas HowtoLive Wisdom|Inspirational Inspirational Clips||,,
SWJfwG556ZE,Creating Dynamic Will Power | Yogananda’s “How-to-Live” Wisdom,https://www.youtube.com/watch?v=SWJfwG556ZE,English|Creating Dynamic Will Power Yoganandas|Inspirational Inspirational Clips||,,
RLrePhZXQTM,Experiencing the Soul’s Love for God,https://www.youtube.com/watch?v=RLrePhZXQTM,English|Experiencing Souls Love God|Inspirational Inspirational Clips||,,
2vvKo3Z5xbc,Discovering Your Unique Purpose,https://www.youtube.com/watch?v=2vvKo3Z5xbc,English|Discovering Your Unique Purpose|Inspirational Inspirational Clips||,,
1PWwg-YR_fk,World Meditation Day 2025 Guided Meditation,https://www.youtube.com/watch?v=1PWwg-YR_fk,English|World Meditation Day 2025 Guided|Inspirational Inspirational Clips||,,
fLhjgozFAE0,The Power of Meditation and Inner Joy,https://www.youtube.com/watch?v=fLhjgozFAE0,English|Power Meditation Inner Joy|Inspirational Inspirational Clips||,,
W5nly71GVJA,Yogananda Says: “Love Gives Joy”,https://www.youtube.com/watch?v=W5nly71GVJA,English|Yogananda Says Love Gives Joy|Inspirational Inspirational Clips||,,
F69o_9IMbmA,Cultivating Gratitude in Daily Life,https://www.youtube.com/watch?v=F69o_9IMbmA,English|Cultivating Gratitude Daily Life|Inspirational Inspirational Clips||,,
EFjO6X53QDE,Turning Inspiration Into Spiritual Activity,https://www.youtube.com/watch?v=EFjO6X53QDE,English|Turning Inspiration Into Spiritual Activity|Inspirational Inspirational Clips||,,
_cCFQsBafes,Each Person’s Relationship With God Is Unique,https://www.youtube.com/watch?v=_cCFQsBafes,English|Each Persons Relationship God Unique|Inspirational Inspirational Clips||,,
sk7hG34Xtk8,Why Yogananda Taught Scientific Techniques of Meditation,https://www.youtube.com/watch?v=sk7hG34Xtk8,English|Why Yogananda Taught Scientific Techniques|Inspirational Inspirational Clips||,,
znasct0LLCY,What Happens When We Recognize Our Divinity?,https://www.youtube.com/watch?v=znasct0LLCY,English|What Happens When Recognize Our|Inspirational Inspirational Clips||,,
JUB2iBF8Fyo,Where Does the Soul Reside?,https://www.youtube.com/watch?v=JUB2iBF8Fyo,English|Where Does Soul Reside|Inspirational Inspirational Clips||,,
G12nyjdFBVU,Spirituality for the Modern World,https://www.youtube.com/watch?v=G12nyjdFBVU,English|Spirituality Modern World|Inspirational Inspirational Clips||,,
rEfCpGy5L4g,Meditation Strengthens the Link Between You and God,https://www.youtube.com/watch?v=rEfCpGy5L4g,English|Meditation Strengthens Link Between You|Inspirational Inspirational Clips||,,
_nCo0tzX5ZU,Karma: The Golden Rule in Action,https://www.youtube.com/watch?v=_nCo0tzX5ZU,English|Karma Golden Rule Action|Inspirational Inspirational Clips||,,
SDF2Um_P3sI,Most Inspiring Passage in “Autobiography of a Yogi”,https://www.youtube.com/watch?v=SDF2Um_P3sI,English|Most Inspiring Passage Autobiography Yogi|Inspirational Inspirational Clips||,,
TQhrrTwMd8s,Never Get Discouraged — Motivation From the Bhagavad Gita,https://www.youtube.com/watch?v=TQhrrTwMd8s,English|Never Get Discouraged Motivation From|Inspirational Inspirational Clips||,,
x_bFHpKHWW0,The United Power of Prayer,https://www.youtube.com/watch?v=x_bFHpKHWW0,English|United Power Prayer|Inspirational Inspirational Clips||,,
DrHtW269Y6c,The Value of Group Meditation,https://www.youtube.com/watch?v=DrHtW269Y6c,English|Value Group Meditation|Inspirational Inspirational Clips||,,
H8c2lj1ATko,The Surest Way to Coax God to Respond,https://www.youtube.com/watch?v=H8c2lj1ATko,English|Surest Way Coax God Respond|Inspirational Inspirational Clips||,,
RWSUCqf23-8,Finding Peace in Meditation,https://www.youtube.com/watch?v=RWSUCqf23-8,English|Finding Peace Meditation|Inspirational Inspirational Clips||,,
3xy2LbDj4E8,Putting God First,https://www.youtube.com/watch?v=3xy2LbDj4E8,English|Putting God First|Inspirational Inspirational Clips||,,
RXXPq74kpWQ,Include God in Your Daily Life,https://www.youtube.com/watch?v=RXXPq74kpWQ,English|Include God Your Daily Life|Inspirational Inspirational Clips||,,
uh7nznN0S6Q,Thank You for Supporting Paramahansa Yogananda’s Work,https://www.youtube.com/watch?v=uh7nznN0S6Q,English|Thank You Supporting Paramahansa Yoganandas|Inspirational Inspirational Clips||,,
68YUK_oZBHY,Living a Joyful and Successful Life,https://www.youtube.com/watch?v=68YUK_oZBHY,English|Living Joyful Successful Life|Inspirational Inspirational Clips||,,
Ow--o-3qLig,A Perfect Example of Balanced Living,https://www.youtube.com/watch?v=Ow--o-3qLig,English|Perfect Example Balanced Living|Inspirational Inspirational Clips||,,
B9LKEvpoR_U,Using Affirmations to Overcome Fear,https://www.youtube.com/watch?v=B9LKEvpoR_U,English|Using Affirmations Overcome Fear|Inspirational Inspirational Clips||,,
GZ2zgmN52WI,A Simple Technique to Overcome Fear,https://www.youtube.com/watch?v=GZ2zgmN52WI,English|Simple Technique Overcome Fear|Inspirational Inspirational Clips||,,
515kr-xnHg4,Live Well Now,https://www.youtube.com/watch?v=515kr-xnHg4,English|Live Well Now|Inspirational Inspirational Clips||,,
df-KGIcn13s,Experience God Within Through Daily Meditation,https://www.youtube.com/watch?v=df-KGIcn13s,English|Experience God Within Through Daily|Inspirational Inspirational Clips||,,
hflHtvzvaAQ,Attuning Ourselves to the Divine,https://www.youtube.com/watch?v=hflHtvzvaAQ,English|Attuning Ourselves Divine|Inspirational Inspirational Clips||,,
KggYIFs58Wk,How Do We Realize Our Divinity?,https://www.youtube.com/watch?v=KggYIFs58Wk,English|How Realize Our Divinity|Inspirational Inspirational Clips||,,
be3bGqNfmnw,Keep On Keeping On,https://www.youtube.com/watch?v=be3bGqNfmnw,English|Keep Keeping|Inspirational Inspirational Clips||,,
ktuY0ry9vd4,Everyone Can Meditate,https://www.youtube.com/watch?v=ktuY0ry9vd4,English|Everyone Can Meditate|Inspirational Inspirational Clips||,,
4KihjUJmg00,Rise Above Fear of Failure,https://www.youtube.com/watch?v=4KihjUJmg00,English|Rise Above Fear Failure|Inspirational Inspirational Clips||,,
9d_WmFF7O8M,God Is Already With Us,https://www.youtube.com/watch?v=9d_WmFF7O8M,English|God Already|Inspirational Inspirational Clips||,,
tTjRVNRpQVA,Receiving Help Through Divine Communion,https://www.youtube.com/watch?v=tTjRVNRpQVA,English|Receiving Help Through Divine Communion|Inspirational Inspirational Clips||,,
CdUu9oPEI5o,Faith Is the Proof of Things Unseen,https://www.youtube.com/watch?v=CdUu9oPEI5o,English|Faith Proof Things Unseen|Inspirational Inspirational Clips||,,
LCAplcE1-J8,What Is Love?,https://www.youtube.com/watch?v=LCAplcE1-J8,English|What Love|Inspirational Inspirational Clips||,,
8QVyZTtH-qU,God’s Aspect of Unconditional Love,https://www.youtube.com/watch?v=8QVyZTtH-qU,English|Gods Aspect Unconditional Love|Inspirational Inspirational Clips||,,
2qcrUA5b0k4,Yoga Brings Lasting Happiness,https://www.youtube.com/watch?v=2qcrUA5b0k4,English|Yoga Brings Lasting Happiness|Inspirational Inspirational Clips||,,
oK-CzCWG9bs,Buddha’s Famous Answer to “What Are You?”,https://www.youtube.com/watch?v=oK-CzCWG9bs,English|Buddhas Famous Answer What Are|Inspirational Inspirational Clips||,,
AR2ErMaUXwQ,Stillness: Basic Principle of Meditation,https://www.youtube.com/watch?v=AR2ErMaUXwQ,English|Stillness Basic Principle Meditation|Inspirational Inspirational Clips||,,
0iMFjj0_xjQ,Achieving Constant Communion With God,https://www.youtube.com/watch?v=0iMFjj0_xjQ,English|Achieving Constant Communion God|Inspirational Inspirational Clips||,,
zviwboz_WkQ,Change Your Life by Whispering to God,https://www.youtube.com/watch?v=zviwboz_WkQ,English|Change Your Life Whispering God|Inspirational Inspirational Clips||,,
9OvLVXgOAzs,Spiritual Photosynthesis — Converting God’s Grace Into Soul-Nourishment | Brother Chidananda,https://www.youtube.com/watch?v=9OvLVXgOAzs,English|Spiritual Photosynthesis Converting Gods Grace|Inspirational Inspirational Clips||,,
WcqLsn1HcKE,Change Creation With Will,https://www.youtube.com/watch?v=WcqLsn1HcKE,English|Change Creation Will|Inspirational Inspirational Clips||,,
0rmJgGAeh0Q,The Joy of Loving Service,https://www.youtube.com/watch?v=0rmJgGAeh0Q,English|Joy Loving Service|Inspirational Inspirational Clips||,,
cbQP0H4zTE0,What Is God’s Love Like?,https://www.youtube.com/watch?v=cbQP0H4zTE0,English|What Gods Love Like|Inspirational Inspirational Clips||,,
C8LES0t0BOE,3 Ways To Feel God in Daily Life,https://www.youtube.com/watch?v=C8LES0t0BOE,English|Ways Feel God Daily Life|Inspirational Inspirational Clips||,,
1Louhg339RQ,What Is Kriya Yoga? | Brother Chidananda,https://www.youtube.com/watch?v=1Louhg339RQ,English|What Kriya Yoga Brother Chidananda|Inspirational Inspirational Clips||,,
6fGRQiTzMHY,Guided Affirmation on Living Fearlessly,https://www.youtube.com/watch?v=6fGRQiTzMHY,English|Guided Affirmation Living Fearlessly|Inspirational Inspirational Clips||,,
gNwW7EX3kIQ,Scientific Way to Cosmic Consciousness,https://www.youtube.com/watch?v=gNwW7EX3kIQ,English|Scientific Way Cosmic Consciousness|Inspirational Inspirational Clips||,,
2fH3XcIg3y8,Do Everything With Peace | Inspirational Quotes by Paramahansa Yogananda,https://www.youtube.com/watch?v=2fH3XcIg3y8,English|Everything Peace Inspirational Quotes Paramahansa|Inspirational Inspirational Clips||,,
YZNczxMFT3g,Overcome Moods by Self-Analysis,https://www.youtube.com/watch?v=YZNczxMFT3g,English|Overcome Moods SelfAnalysis|Inspirational Inspirational Clips||,,
-Y97cBOD_OA,Discover Higher Realities Within You,https://www.youtube.com/watch?v=-Y97cBOD_OA,English|Discover Higher Realities Within You|Inspirational Inspirational Clips||,,
WAU0CSx4OUA,Harnessing Divine Power,https://www.youtube.com/watch?v=WAU0CSx4OUA,English|Harnessing Divine Power|Inspirational Inspirational Clips||,,
VQrA0fC-saI,Quiet the Mind Through Forgiveness,https://www.youtube.com/watch?v=VQrA0fC-saI,English|Quiet Mind Through Forgiveness|Inspirational Inspirational Clips||,,
-kwNgpLEwr0,Yogananda Said: God Is Already Yours,https://www.youtube.com/watch?v=-kwNgpLEwr0,English|Yogananda Said God Already Yours|Inspirational Inspirational Clips||,,
mo09HXeLesI,A Story: The Power of Sincere Prayer,https://www.youtube.com/watch?v=mo09HXeLesI,English|Story Power Sincere Prayer|Inspirational Inspirational Clips||,,
aSbehuyZc2g,Divine Power of Materializing Our Thoughts,https://www.youtube.com/watch?v=aSbehuyZc2g,English|Divine Power Materializing Our Thoughts|Inspirational Inspirational Clips||,,
wDkD-YMTvwg,Meditation: From the Finite to the Infinite,https://www.youtube.com/watch?v=wDkD-YMTvwg,English|Meditation From Finite Infinite|Inspirational Inspirational Clips||,,
N2l6GE_NKDs,Awakening Divine Qualities Through Kriya Yoga Meditation | Brother Chidananda,https://www.youtube.com/watch?v=N2l6GE_NKDs,English|Awakening Divine Qualities Through Kriya|Inspirational Inspirational Clips||,,
WjKp9YdRY6s,Flooding Our Consciousness With Divine Enthusiasm | Brother Chidananda,https://www.youtube.com/watch?v=WjKp9YdRY6s,English|Flooding Our Consciousness Divine Enthusiasm|Inspirational Inspirational Clips||,,
c1NEU9XFFj0,Drawing Divine Energy From Our Oneness With God | Brother Chidananda,https://www.youtube.com/watch?v=c1NEU9XFFj0,English|Drawing Divine Energy From Our|Inspirational Inspirational Clips||,,
RQ3mY-imSiI,Finding Complete Fulfillment in God | Sri Daya Mata,https://www.youtube.com/watch?v=RQ3mY-imSiI,English|Finding Complete Fulfillment God Sri|Inspirational Inspirational Clips||,,
kXpD3uBalaE,Karma and Samskaras | Sri Mrinalini Mata,https://www.youtube.com/watch?v=kXpD3uBalaE,English|Karma Samskaras Sri Mrinalini Mata|Inspirational Inspirational Clips||,,
sU2icv7IcD0,"Practicing the Presence of God — Change Your Thoughts, Change Yourself | Sri Mrinalini Mata",https://www.youtube.com/watch?v=sU2icv7IcD0,English|Practicing Presence God Change Your|Inspirational Inspirational Clips||,,
5mJ0PLvGB18,How to Know You Are Making Spiritual Progress | Sri Mrinalini Mata,https://www.youtube.com/watch?v=5mJ0PLvGB18,English|How Know You Are Making|Inspirational Inspirational Clips||,,
K-K93W0LFBQ,"Kriya Yoga, the Science of God-realization | Sri Mrinalini Mata",https://www.youtube.com/watch?v=K-K93W0LFBQ,English|Kriya Yoga Science Godrealization Sri|Inspirational Inspirational Clips||,,
aBVuiALRg-s,The Holy Ghost Aum Vibration | Sri Mrinalini Mata,https://www.youtube.com/watch?v=aBVuiALRg-s,English|Holy Ghost Aum Vibration Sri|Inspirational Inspirational Clips||,,
PF5Eywyk-s8,The Beginning of Paramahansa Yogananda's Mission | Sri Mrinalini Mata,https://www.youtube.com/watch?v=PF5Eywyk-s8,English|Beginning Paramahansa Yoganandas Mission Sri|Inspirational Inspirational Clips||,,
8GjMYstN1pc,"""Behold, the Kingdom of God Is Within You"" | Sri Mrinalini Mata",https://www.youtube.com/watch?v=8GjMYstN1pc,English|Behold Kingdom God Within You|Inspirational Inspirational Clips||,,
uQFI4A5ZYTc,When I Am Only a Dream | A Poem by Paramahansa Yogananda Read by Sri Daya Mata,https://www.youtube.com/watch?v=uQFI4A5ZYTc,English|When Only Dream Poem Paramahansa|Inspirational Inspirational Clips||,,
rJhRZbUtAe0,Opening to God's Love in Meditation - Part 2,https://www.youtube.com/watch?v=rJhRZbUtAe0,English|Opening Gods Love Meditation Part|Inspirational Inspirational Clips||,,
VeYcMyJGiE0,Opening to God's Love in Meditation - Part 1,https://www.youtube.com/watch?v=VeYcMyJGiE0,English|Opening Gods Love Meditation Part|Inspirational Inspirational Clips||,,
9WuQ2Iy4IwU,Developing an Unconquerable Will - Part 3,https://www.youtube.com/watch?v=9WuQ2Iy4IwU,English|Developing Unconquerable Will Part|Inspirational Inspirational Clips||,,
SH9JLTUPxoQ,Developing an Unconquerable Will - Part 2,https://www.youtube.com/watch?v=SH9JLTUPxoQ,English|Developing Unconquerable Will Part|Inspirational Inspirational Clips||,,
KmiJ3UP0ca4,Developing an Unconquerable Will - Part 1,https://www.youtube.com/watch?v=KmiJ3UP0ca4,English|Developing Unconquerable Will Part|Inspirational Inspirational Clips||,,
rghY0MRwbYo,Inspiration for Spiritualizing Family Life | Sri Daya Mata,https://www.youtube.com/watch?v=rghY0MRwbYo,English|Inspiration Spiritualizing Family Life Sri|Inspirational Inspirational Clips||,,
R7YemF9QJFU,Paramahansa Yogananda's Great Samadhi of 1948 | Sri Mrinalini Mata,https://www.youtube.com/watch?v=R7YemF9QJFU,English|Paramahansa Yoganandas Great Samadhi 1948|Inspirational Inspirational Clips||,,
tWZJ4LNjwPk,Paramahansa Yogananda: “The Teachings Will Be the Guru” | Sri Mrinalini Mata,https://www.youtube.com/watch?v=tWZJ4LNjwPk,English|Paramahansa Yogananda Teachings Will Guru|Inspirational Inspirational Clips||,,
a7K2VVeDRqU,The Spiritual Benefits of Simplicity | Brother Bhaktananda,https://www.youtube.com/watch?v=a7K2VVeDRqU,English|Spiritual Benefits Simplicity Brother Bhaktananda|Inspirational Inspirational Clips||,,
H7DBUDuje_s,Paramahansa Yogananda’s 125th Birthday – A Special Message From Brother Chidananda,https://www.youtube.com/watch?v=H7DBUDuje_s,English|Paramahansa Yoganandas 125th Birthday Special|Inspirational Inspirational Clips||,,
7BGXIKp3RWk,Understanding Karma by Brother Anandamoy,https://www.youtube.com/watch?v=7BGXIKp3RWk,English|Understanding Karma Brother Anandamoy|Inspirational Inspirational Clips||,,
hmRlIprAY2Q,"God Talks With Arjuna, Hindi Translation Release",https://www.youtube.com/watch?v=hmRlIprAY2Q,English|God Talks Arjuna Hindi Translation|Inspirational Inspirational Clips||,,
LIqUNgvJlD4,Overcoming Negativity in Today’s World,https://www.youtube.com/watch?v=LIqUNgvJlD4,English|Overcoming Negativity Todays World|Inspirational Inspirational Clips||,,
0vLwGtCl4kY,How to Spiritualize Your Actions by Brother Anandamoy,https://www.youtube.com/watch?v=0vLwGtCl4kY,English|How Spiritualize Your Actions Brother|Inspirational Inspirational Clips||,,
TTvHcpyp4eQ,In the Spirit of Pilgrimage | A Centennial Celebratory Procession,https://www.youtube.com/watch?v=TTvHcpyp4eQ,English|Spirit Pilgrimage Centennial Celebratory Procession|Inspirational Inspirational Clips||,,
UNKYdnxFCF8,A Promising Vision for the Future: Yogananda’s “Aims and Ideals”,https://www.youtube.com/watch?v=UNKYdnxFCF8,English|Promising Vision Future Yoganandas Aims|Inspirational Inspirational Clips||,,
rl4ULW_OgtQ,Practice of Yogananda’s Healing Technique | SRF President Brother Chidananda,https://www.youtube.com/watch?v=rl4ULW_OgtQ,English|Practice Yoganandas Healing Technique SRF|Inspirational Inspirational Clips||,,
ac5uKQsdbsY,Paramahansa Yogananda’s Concept of Freedom | Brother Chidananda,https://www.youtube.com/watch?v=ac5uKQsdbsY,English|Paramahansa Yoganandas Concept Freedom Brother|Inspirational Inspirational Clips||,,
mmz7vji2tLA,The Guru Stirs in Us a Divine Longing | Sri Mrinalini Mata,https://www.youtube.com/watch?v=mmz7vji2tLA,English|Guru Stirs Divine Longing Sri|Inspirational Inspirational Clips||,,
raiq8ofnvRE,The Guru Is Not Just a Teacher | Brother Anandamoy,https://www.youtube.com/watch?v=raiq8ofnvRE,English|Guru Not Just Teacher Brother|Inspirational Inspirational Clips||,,
9CIbB3Rf5nY,Experiencing the Unconditional Love of God | Sri Daya Mata,https://www.youtube.com/watch?v=9CIbB3Rf5nY,English|Experiencing Unconditional Love God Sri|Inspirational Inspirational Clips||,,
OvK-M4l3sr0,Practice Kriya Yoga Every Day | Sri Mrinalini Mata,https://www.youtube.com/watch?v=OvK-M4l3sr0,English|Practice Kriya Yoga Every Day|Inspirational Inspirational Clips||,,
hpR4niszERQ,Paramahansa Yogananda’s Advice About World Predictions | Brother Chidananda,https://www.youtube.com/watch?v=hpR4niszERQ,English|Paramahansa Yoganandas Advice About World|Inspirational Inspirational Clips||,,
sZCnSnAin68,The Message of Sacred Holiday Observances | Brother Chidananda,https://www.youtube.com/watch?v=sZCnSnAin68,English|Message Sacred Holiday Observances Brother|Inspirational Inspirational Clips||,,
cy1J6DU_4A8,Yogananda’s “Super-Art of Living” and the Benefits of Scheduling Your Life | Brother Chidananda,https://www.youtube.com/watch?v=cy1J6DU_4A8,English|Yoganandas SuperArt Living Benefits Scheduling|Inspirational Inspirational Clips||,,
O62LQLdeV6I,Choosing to Be a Conqueror — That Is the Remedy! | Brother Chidananda,https://www.youtube.com/watch?v=O62LQLdeV6I,English|Choosing Conqueror That Remedy Brother|Inspirational Inspirational Clips||,,
n99CCcuRQks,In the Embrace of the Divine Mother | Brother Chidananda,https://www.youtube.com/watch?v=n99CCcuRQks,English|Embrace Divine Mother Brother Chidananda|Inspirational Inspirational Clips||,,
Z22edyOsNQc,Scripture Of Love,https://www.youtube.com/watch?v=Z22edyOsNQc,English|Scripture Love|Inspirational Inspirational Clips||,,
SsrqB_GwE-8,How Can My Prayers Help Others? | Sri Daya Mata,https://www.youtube.com/watch?v=SsrqB_GwE-8,English|How Can Prayers Help Others|Inspirational Inspirational Clips||,,
xghFntmsTjQ,“I am castled in God’s presence…” | Brother Chidananda leads an affirmation by Yogananda,https://www.youtube.com/watch?v=xghFntmsTjQ,English|Castled Gods Presence Brother Chidananda|Inspirational Inspirational Clips||,,
FP-dNd1xTcs,A Pranayama Technique Given by Paramahansa Yogananda for Controlling Emotions | Brother Chidananda,https://www.youtube.com/watch?v=FP-dNd1xTcs,English|Pranayama Technique Given Paramahansa Yogananda|Inspirational Inspirational Clips||,,
7XbtxFn00QQ,Neuroplasticity and the Yoga Science of Meditation | Brother Chidananda,https://www.youtube.com/watch?v=7XbtxFn00QQ,English|Neuroplasticity Yoga Science Meditation Brother|Inspirational Inspirational Clips||,,
Tw7ILifQ11U,Christ Consciousness – The Goal for Each One of Us | Brother Chidananda,https://www.youtube.com/watch?v=Tw7ILifQ11U,English|Christ Consciousness Goal Each One|Inspirational Inspirational Clips||,,
GnCNvDQcKvk,Overcoming “Soul Fog” Through Kriya Yoga | Brother Chidananda,https://www.youtube.com/watch?v=GnCNvDQcKvk,English|Overcoming Soul Fog Through Kriya|Inspirational Inspirational Clips||,,
fna7IbLoGJo,Awakening the Spine Through Kriya Yoga | Brother Chidananda,https://www.youtube.com/watch?v=fna7IbLoGJo,English|Awakening Spine Through Kriya Yoga|Inspirational Inspirational Clips||,,
7Nlj1fgz5CE,The Guru Is Not Limited by the Material World | Brother Bhaktananda,https://www.youtube.com/watch?v=7Nlj1fgz5CE,English|Guru Not Limited Material World|Inspirational Inspirational Clips||,,
UzHb7A0WSrE,A True Guru Guides Us From Experience | Sri Daya Mata,https://www.youtube.com/watch?v=UzHb7A0WSrE,English|True Guru Guides From Experience|Inspirational Inspirational Clips||,,
EyBtOifZAys,Prayer at Dawn,https://www.youtube.com/watch?v=EyBtOifZAys,"Prayer, Dawn|Mejda | Songs of My Heart|Kirtan",,
hc2x64QAmvo,O God beautiful - Paramhansa Yogananda,https://www.youtube.com/watch?v=hc2x64QAmvo,"God, Beautiful, Paramhansa, Yogananda|Mejda | Songs of My Heart|Kirtan",,
IXY0CM83Jss,He Hari Sundara,https://www.youtube.com/watch?v=IXY0CM83Jss,"Hari, Sundara|Mejda | Songs of My Heart|Kirtan",,
Bju7gWiuZCU,What Lightning Flash,https://www.youtube.com/watch?v=Bju7gWiuZCU,"What, Lightning, Flash|Mejda | Songs of My Heart|Kirtan",,
hnTJwKDtHDA,"God, Christ, Gurus",https://www.youtube.com/watch?v=hnTJwKDtHDA,"God, Christ, Gurus|Mejda | Songs of My Heart|Kirtan",,
wIKiFgsIWHs,Prayer at Noon,https://www.youtube.com/watch?v=wIKiFgsIWHs,"Prayer, Noon|Mejda | Songs of My Heart|Kirtan",,
_rjI-ej-nGY,The Hound of Heaven,https://www.youtube.com/watch?v=_rjI-ej-nGY,"Hound, Heaven|Mejda | Songs of My Heart|Kirtan",,
FszBLKSeM28,Cloud-Colored Christ,https://www.youtube.com/watch?v=FszBLKSeM28,"CloudColored, Christ|Mejda | Songs of My Heart|Kirtan",,
DFH5PzhpFz8,Divine Mothers Song to the Devotee,https://www.youtube.com/watch?v=DFH5PzhpFz8,"Divine, Mothers, Song, Devotee|Mejda | Songs of My Heart|Kirtan",,
mhgwDjRjdFM,In the Temple of Silence,https://www.youtube.com/watch?v=mhgwDjRjdFM,"Temple, Silence|Mejda | Songs of My Heart|Kirtan",,
L6h7v4TqZ4g,Song of India,https://www.youtube.com/watch?v=L6h7v4TqZ4g,"Song, India|Mejda | Songs of My Heart|Kirtan",,
KFNdg7Q9YYs,Shanti Mundiray,https://www.youtube.com/watch?v=KFNdg7Q9YYs,"Shanti, Mundiray|Mejda | Songs of My Heart|Kirtan",,
3Z79qGEeQL8,Prayer at Eventide,https://www.youtube.com/watch?v=3Z79qGEeQL8,"Prayer, Eventide|Mejda | Songs of My Heart|Kirtan",,
j_8qDvlFmlU,I Will Be Thine Always,https://www.youtube.com/watch?v=j_8qDvlFmlU,"Will, Thine, Always|Mejda | Songs of My Heart|Kirtan",,
A0e9CPSym7k,Main Tera Hamesha,https://www.youtube.com/watch?v=A0e9CPSym7k,"Main, Tera, Hamesha|Mejda | Songs of My Heart|Kirtan",,
iXP8mcipTgs,Do not dry the ocean of my Love - Paramhansa Yogananda,https://www.youtube.com/watch?v=iXP8mcipTgs,"Not, Dry, Ocean, Love, Paramhansa|Mejda | Songs of My Heart|Kirtan",,
upQUvPfT6W8,Prayer at Night,https://www.youtube.com/watch?v=upQUvPfT6W8,"Prayer, Night|Mejda | Songs of My Heart|Kirtan",,
MGa88qG0rt8,Deliver Us From Delusion,https://www.youtube.com/watch?v=MGa88qG0rt8,"Deliver, From, Delusion|I am the sky | Instrumental|Kirtan",,
zV8x8uCoXc8,Who is in My Temple,https://www.youtube.com/watch?v=zV8x8uCoXc8,"Who, Temple|I am the sky | Instrumental|Kirtan",,
BgDz6DoeBg4,At Thy Feet,https://www.youtube.com/watch?v=BgDz6DoeBg4,"Thy, Feet|I am the sky | Instrumental|Kirtan",,
MHw4bfEjD2c,"I Am the Bubble, Make Me the Sea",https://www.youtube.com/watch?v=MHw4bfEjD2c,"Bubble, Make, Sea|I am the sky | Instrumental|Kirtan",,
WMa7bIShNKI,In the Valley of Sorrow,https://www.youtube.com/watch?v=WMa7bIShNKI,"Valley, Sorrow|I am the sky | Instrumental|Kirtan",,
VlnAaiqtg8k,My Krishna is Blue,https://www.youtube.com/watch?v=VlnAaiqtg8k,"Krishna, Blue|I am the sky | Instrumental|Kirtan",,
OB6x3u7iipU,I Am the Sky,https://www.youtube.com/watch?v=OB6x3u7iipU,Sky|I am the sky | Instrumental|Kirtan,,
lyuP_PgXCTM,Where is There Love,https://www.youtube.com/watch?v=lyuP_PgXCTM,"Where, There, Love|I am the sky | Instrumental|Kirtan",,
p1TSk004POw,"From This Sleep, Lord",https://www.youtube.com/watch?v=p1TSk004POw,"From, This, Sleep, Lord|I am the sky | Instrumental|Kirtan",,
4Q2sx4pCm0s,In the Land Beyond My Dreams,https://www.youtube.com/watch?v=4Q2sx4pCm0s,"Land, Beyond, Dreams|I am the sky | Instrumental|Kirtan",,
IBWDk8g5C1g,"Listen, Listen, Listen",https://www.youtube.com/watch?v=IBWDk8g5C1g,Listen|I am the sky | Instrumental|Kirtan,,
yBFJlXmngNA,When Thy Song Flows Through Me,https://www.youtube.com/watch?v=yBFJlXmngNA,"When, Thy, Song, Flows, Through|I am the sky | Instrumental|Kirtan",,
Ryc6TseZDkY,Today My Mind Has Dived,https://www.youtube.com/watch?v=Ryc6TseZDkY,"Today, Mind, Has, Dived|I am the sky | Instrumental|Kirtan",,
BeXbDCqY3HY,Om Song,https://www.youtube.com/watch?v=BeXbDCqY3HY,Song|I am the sky | Instrumental|Kirtan,,
IfwGaIW_Bmo,O Thou King of the Infinite,https://www.youtube.com/watch?v=IfwGaIW_Bmo,"Thou, King, Infinite|I am the sky | Instrumental|Kirtan",,
Pn06BLdU67E,Om Kali,https://www.youtube.com/watch?v=Pn06BLdU67E,Kali|I am the sky | Instrumental|Kirtan,,
iNl48sdciKc,Divine Gypsy,https://www.youtube.com/watch?v=iNl48sdciKc,"Divine, Gypsy|I am the sky | Instrumental|Kirtan",,
KLJuiG8glFA,Thousands of Suns,https://www.youtube.com/watch?v=KLJuiG8glFA,"Thousands, Suns|I am the sky | Instrumental|Kirtan",,
WhGVZppb64M,O Thou Blue Sky,https://www.youtube.com/watch?v=WhGVZppb64M,"Thou, Blue, Sky|I am the sky | Instrumental|Kirtan",,
vQbXGiVN7LU,O God Beautiful,https://www.youtube.com/watch?v=vQbXGiVN7LU,"God, Beautiful|I am the sky | Instrumental|Kirtan",,
ehZVfqD3WQs,Hymn to Brahma,https://www.youtube.com/watch?v=ehZVfqD3WQs,"Hymn, Brahma|I am the sky | Instrumental|Kirtan",,
oys07DpHR30,At Thy Feet,https://www.youtube.com/watch?v=oys07DpHR30,"Thy, Feet|At Thy Feet | SRF Nuns|Kirtan",,
kITE3vbsgT4,"I Am the Bubble, Make Me the Sea",https://www.youtube.com/watch?v=kITE3vbsgT4,"Bubble, Make, Sea|At Thy Feet | SRF Nuns|Kirtan",,
2GAQoi2OeDM,Door of My Heart,https://www.youtube.com/watch?v=2GAQoi2OeDM,"Door, Heart|At Thy Feet | SRF Nuns|Kirtan",,
aUa3A8Yvt8U,Cloud-Colored Christ,https://www.youtube.com/watch?v=aUa3A8Yvt8U,"CloudColored, Christ|At Thy Feet | SRF Nuns|Kirtan",,
cu0mJ5fzLoY,Dawn Chant,https://www.youtube.com/watch?v=cu0mJ5fzLoY,"Dawn, Chant|At Thy Feet | SRF Nuns|Kirtan",,
9dr3gY_lf34,Sri Guru Sharanam,https://www.youtube.com/watch?v=9dr3gY_lf34,"Sri, Guru, Sharanam|At Thy Feet | SRF Nuns|Kirtan",,
1R4_LzeiXK4,Light the Lamp of Thy Love,https://www.youtube.com/watch?v=1R4_LzeiXK4,"Light, Lamp, Thy, Love|At Thy Feet | SRF Nuns|Kirtan",,
6yQKEHq4HAA,I Am the Sky,https://www.youtube.com/watch?v=6yQKEHq4HAA,Sky|At Thy Feet | SRF Nuns|Kirtan,,
a0nOLb54y9s,Who Is in My Temple?,https://www.youtube.com/watch?v=a0nOLb54y9s,"Who, Temple|At Thy Feet | SRF Nuns|Kirtan",,
NyAbtk4864c,Murali Krishna,https://www.youtube.com/watch?v=NyAbtk4864c,"Murali, Krishna|At Thy Feet | SRF Nuns|Kirtan",,
yxF3_6JRsjo,In the Land Beyond My Dreams,https://www.youtube.com/watch?v=yxF3_6JRsjo,"Land, Beyond, Dreams|At Thy Feet | SRF Nuns|Kirtan",,
PBMyZt_yURw,I Give You My Soul Call,https://www.youtube.com/watch?v=PBMyZt_yURw,"Give, You, Soul, Call|At Thy Feet | SRF Nuns|Kirtan",,
KqkQgkU2t6M,Thousands of Suns,https://www.youtube.com/watch?v=KqkQgkU2t6M,"Thousands, Suns|At Thy Feet | SRF Nuns|Kirtan",,
q0BIshw_F10,Thou Art My Life,https://www.youtube.com/watch?v=q0BIshw_F10,"Thou, Art, Life|At Thy Feet | SRF Nuns|Kirtan",,
62cSBt9bb4Q,Jaya Jaya Ma,https://www.youtube.com/watch?v=62cSBt9bb4Q,Jaya|At Thy Feet | SRF Nuns|Kirtan,,
H7Li5Yo2s9Q,Jai Guru,https://www.youtube.com/watch?v=H7Li5Yo2s9Q,"Jai, Guru|At Thy Feet | SRF Nuns|Kirtan",,
-AFByO1YL74,O Thou Blue Sky,https://www.youtube.com/watch?v=-AFByO1YL74,"Thou, Blue, Sky|At Thy Feet | SRF Nuns|Kirtan",,
HDxFwX6kPbI,Radha Krishna Govinda,https://www.youtube.com/watch?v=HDxFwX6kPbI,"Radha, Krishna, Govinda|At Thy Feet | SRF Nuns|Kirtan",,
wbChJuu7CPM,I Will Sing Thy Name,https://www.youtube.com/watch?v=wbChJuu7CPM,"Will, Sing, Thy, Name|At Thy Feet | SRF Nuns|Kirtan",,
fdqB5J32pX8,Guru Hamare,https://www.youtube.com/watch?v=fdqB5J32pX8,"Guru, Hamare|Guru Sharanam|Kirtan",,
VdugSeqC6Oo,Help Me Come Back,https://www.youtube.com/watch?v=VdugSeqC6Oo,"Help, Come, Back|Guru Sharanam|Kirtan",,
SCCBfCeIvpI,Tero Naam,https://www.youtube.com/watch?v=SCCBfCeIvpI,"Tero, Naam|Guru Sharanam|Kirtan",,
ZX2CbJvm2MQ,"God, Krishna, Christ, Gurus",https://www.youtube.com/watch?v=ZX2CbJvm2MQ,"God, Krishna, Christ, Gurus|Guru Sharanam|Kirtan",,
urFqRZTIYmU,"Om, Tat, Sat",https://www.youtube.com/watch?v=urFqRZTIYmU,"Tat, Sat|Guru Sharanam|Kirtan",,
S312XGYA4t8,"Namo, Namo",https://www.youtube.com/watch?v=S312XGYA4t8,Namo|Guru Sharanam|Kirtan,,
aGT1iAkJMdA,Thou Art My Life,https://www.youtube.com/watch?v=aGT1iAkJMdA,"Thou, Art, Life|Thou Art My Life | Instrumental|Kirtan",,
LCpTZHPKBPw,Deliver Us From Delusion,https://www.youtube.com/watch?v=LCpTZHPKBPw,"Deliver, From, Delusion|Thou Art My Life | Instrumental|Kirtan",,
C65OWJ48RgU,Divine Mother’s Song to the Devotee,https://www.youtube.com/watch?v=C65OWJ48RgU,"Divine, Mothers, Song, Devotee|Thou Art My Life | Instrumental|Kirtan",,
d-j_6bDKlzI,My Krishna Is Blue,https://www.youtube.com/watch?v=d-j_6bDKlzI,"Krishna, Blue|Thou Art My Life | Instrumental|Kirtan",,
LbscWSheiNA,Where Is There Love?,https://www.youtube.com/watch?v=LbscWSheiNA,"Where, There, Love|Thou Art My Life | Instrumental|Kirtan",,
2YF9W94JB3U,"From This Sleep, Lord",https://www.youtube.com/watch?v=2YF9W94JB3U,"From, This, Sleep, Lord|Thou Art My Life | Instrumental|Kirtan",,
pncNctjTm1M,Cloud-Colored Christ,https://www.youtube.com/watch?v=pncNctjTm1M,"CloudColored, Christ|Thou Art My Life | Instrumental|Kirtan",,
uT1dNRLmtu8,Polestar of My Life,https://www.youtube.com/watch?v=uT1dNRLmtu8,"Polestar, Life|Thou Art My Life | Instrumental|Kirtan",,
JxO0Iml-fHk,In the Valley of Sorrow,https://www.youtube.com/watch?v=JxO0Iml-fHk,"Valley, Sorrow|Thou Art My Life | Instrumental|Kirtan",,
vfbI83oAZ8o,Blue Lotus Feet,https://www.youtube.com/watch?v=vfbI83oAZ8o,"Blue, Lotus, Feet|Thou Art My Life | Instrumental|Kirtan",,
EHyxtdZvlY0,When Thy Song Flows Though Me,https://www.youtube.com/watch?v=EHyxtdZvlY0,"When, Thy, Song, Flows, Though|Thou Art My Life | Instrumental|Kirtan",,
0AMd2PVkmAk,Hymn to Brahma,https://www.youtube.com/watch?v=0AMd2PVkmAk,"Hymn, Brahma|Thou Art My Life | Instrumental|Kirtan",,
BPybvY2lDEw,Suno Mere Atma-Gan (At Thy Feet),https://www.youtube.com/watch?v=BPybvY2lDEw,"Suno, Mere, AtmaGan, Thy, Feet|Shanti Mandir |Brahmacharini Mirabai|Kirtan",,
9D1rd8hFj9s,"Is Nind Se, Prabhu (From This Sleep, Lord)",https://www.youtube.com/watch?v=9D1rd8hFj9s,"Nind, Prabhu, From, This, Sleep|Shanti Mandir |Brahmacharini Mirabai|Kirtan",,
_A94KMJDl7o,Dukh Ki Vadi Me (In the Valley of Sorrow),https://www.youtube.com/watch?v=_A94KMJDl7o,"Dukh, Vadi, Valley, Sorrow|Shanti Mandir |Brahmacharini Mirabai|Kirtan",,
8RBBs6jeu_M,Nitya Navin Anand (Ever New Joy),https://www.youtube.com/watch?v=8RBBs6jeu_M,"Nitya, Navin, Anand, Ever, New|Shanti Mandir |Brahmacharini Mirabai|Kirtan",,
DfcNZfmdEDY,Shanti Mandir Me (In the Temple of Silence),https://www.youtube.com/watch?v=DfcNZfmdEDY,"Shanti, Mandir, Temple, Silence|Shanti Mandir |Brahmacharini Mirabai|Kirtan",,
G2wJnRwWoZc,Shyamal Krishna (Cloud-Colored Christ),https://www.youtube.com/watch?v=G2wJnRwWoZc,"Shyamal, Krishna, CloudColored, Christ|Shanti Mandir |Brahmacharini Mirabai|Kirtan",,
ZUTbWsHy62o,Niras Na Karo Mere Prem Sagar Ko (Do Not Dry the Ocean of My Love),https://www.youtube.com/watch?v=ZUTbWsHy62o,"Niras, Karo, Mere, Prem, Sagar|Shanti Mandir |Brahmacharini Mirabai|Kirtan",,
fVOWVugDSxw,"Ma, Tujhe Di Atma Ki Pukar (I Give You My Soul Call)",https://www.youtube.com/watch?v=fVOWVugDSxw,"Tujhe, Atma, Pukar, Give, You|Shanti Mandir |Brahmacharini Mirabai|Kirtan",,
4bUcwYLB8kA,Kaun Hai Mere Mandir Me (Who is in My Temple),https://www.youtube.com/watch?v=4bUcwYLB8kA,"Kaun, Hai, Mere, Mandir, Who|Shanti Mandir |Brahmacharini Mirabai|Kirtan",,
7nZM9mXjxfU,Nil Kamal Charan (Blue Lotus Feet),https://www.youtube.com/watch?v=7nZM9mXjxfU,"Nil, Kamal, Charan, Blue, Lotus|Shanti Mandir |Brahmacharini Mirabai|Kirtan",,
N2aYWB1z2-k,Guru Stuti (Slokas) - He Bhagavan (Praise of the Guru - O Lord),https://www.youtube.com/watch?v=N2aYWB1z2-k,"Guru, Stuti, Slokas, Bhagavan, Praise|Shanti Mandir |Brahmacharini Mirabai|Kirtan",,
2u1zIMyVxLw,Dhyan Karo (Meditate),https://www.youtube.com/watch?v=2u1zIMyVxLw,"Dhyan, Karo, Meditate|Shanti Mandir |Brahmacharini Mirabai|Kirtan",,
BkCgGbqruiw,Bhaja Mana (Pray Night and Day),https://www.youtube.com/watch?v=BkCgGbqruiw,"Bhaja, Mana, Pray, Night, Day|Shanti Mandir |Brahmacharini Mirabai|Kirtan",,
edlqMm-8OXk,Sri Guru Sharanam (I Surrender to the Guru),https://www.youtube.com/watch?v=edlqMm-8OXk,"Sri, Guru, Sharanam, Surrender|Shanti Mandir |Brahmacharini Mirabai|Kirtan",,
krSz8ApD_KE,Krishna Stuti (Sloka) - Krishna Gopal Giridhari (Praise Lord Krishna - Victory to Krishna in...,https://www.youtube.com/watch?v=krSz8ApD_KE,"Krishna, Stuti, Sloka, Gopal, Giridhari|Shanti Mandir |Brahmacharini Mirabai|Kirtan",,
aBnUPM_sG2Y,"Bhajan Karungi Tumhara (Lord, I Will Sing to Thee)",https://www.youtube.com/watch?v=aBnUPM_sG2Y,"Bhajan, Karungi, Tumhara, Lord, Will|Shanti Mandir |Brahmacharini Mirabai|Kirtan",,
XHgUOm4I5Po,Hare Krishna,https://www.youtube.com/watch?v=XHgUOm4I5Po,"Hare, Krishna|Shanti Mandir |Brahmacharini Mirabai|Kirtan",,
VDqKwucZLDY,Om Jai Jagadish Hare (Arati),https://www.youtube.com/watch?v=VDqKwucZLDY,"Jai, Jagadish, Hare, Arati|Shanti Mandir |Brahmacharini Mirabai|Kirtan",,
jCEf3uDSreo,In the Land Beyond My Dreams,https://www.youtube.com/watch?v=jCEf3uDSreo,"Land, Beyond, Dreams|In the Land Beyond My Dreams | Instrumental|Kirtan",,
FmT8LxBhm7c,Blue Lotus Feet,https://www.youtube.com/watch?v=FmT8LxBhm7c,"Blue, Lotus, Feet|In the Land Beyond My Dreams | Instrumental|Kirtan",,
gENNZJit6Fc,"From This Sleep, Lord",https://www.youtube.com/watch?v=gENNZJit6Fc,"From, This, Sleep, Lord|In the Land Beyond My Dreams | Instrumental|Kirtan",,
hH-J-Ms1_lA,Do Not Dry the Ocean of My Love,https://www.youtube.com/watch?v=hH-J-Ms1_lA,"Not, Dry, Ocean, Love|In the Land Beyond My Dreams | Instrumental|Kirtan",,
27SW7QNn0pg,Light the Lamp of Thy Love,https://www.youtube.com/watch?v=27SW7QNn0pg,"Light, Lamp, Thy, Love|In the Land Beyond My Dreams | Instrumental|Kirtan",,
XERunXHC-1Y,Thou Art My Life,https://www.youtube.com/watch?v=XERunXHC-1Y,"Thou, Art, Life|In the Land Beyond My Dreams | Instrumental|Kirtan",,
ucwxSN14GkY,In the Valley of Sorrow,https://www.youtube.com/watch?v=ucwxSN14GkY,"Valley, Sorrow|In the Land Beyond My Dreams | Instrumental|Kirtan",,
lLRwJlbokyM,Receive Me on Thy Lap,https://www.youtube.com/watch?v=lLRwJlbokyM,"Receive, Thy, Lap|In the Land Beyond My Dreams | Instrumental|Kirtan",,
aYCXRprMhc8,Deliver Us From Delusion,https://www.youtube.com/watch?v=aYCXRprMhc8,"Deliver, From, Delusion|In the Land Beyond My Dreams | Instrumental|Kirtan",,
e2PsAellOiI,They Have Heard Thy Name,https://www.youtube.com/watch?v=e2PsAellOiI,"They, Have, Heard, Thy, Name|In the Land Beyond My Dreams | Instrumental|Kirtan",,
yD6eVsvBf5Y,When Thy Song Flows Through Me,https://www.youtube.com/watch?v=yD6eVsvBf5Y,"When, Thy, Song, Flows, Through|In the Land Beyond My Dreams | Instrumental|Kirtan",,
k5wXErvuWZU,When My Dream's Dream is Done,https://www.youtube.com/watch?v=k5wXErvuWZU,"When, Dreams, Dream, Done|In the Land Beyond My Dreams | Instrumental|Kirtan",,
b1iXTbsaK60,"Come, Listen to My Soul Song",https://www.youtube.com/watch?v=b1iXTbsaK60,"Come, Listen, Soul, Song|In the Land Beyond My Dreams | Instrumental|Kirtan",,
Au5yOzLvxnI,I Give You My Soul Call,https://www.youtube.com/watch?v=Au5yOzLvxnI,"Give, You, Soul, Call|In the Land Beyond My Dreams | Instrumental|Kirtan",,
XO-VoGLqqSE,I Will Be Thine Always,https://www.youtube.com/watch?v=XO-VoGLqqSE,"Will, Thine, Always|In the Land Beyond My Dreams | Instrumental|Kirtan",,
L2fNKupQTSQ,Where is There Love,https://www.youtube.com/watch?v=L2fNKupQTSQ,"Where, There, Love|In the Land Beyond My Dreams | Instrumental|Kirtan",,
3-5XODAmWbA,In the Temple of Silence,https://www.youtube.com/watch?v=3-5XODAmWbA,"Temple, Silence|In the Land Beyond My Dreams | Instrumental|Kirtan",,
sey0eWyRj94,Wink Has Not Touched My Eyes,https://www.youtube.com/watch?v=sey0eWyRj94,"Wink, Has, Not, Touched, Eyes|In the Land Beyond My Dreams | Instrumental|Kirtan",,
KtV9EdJv9B0,I Am the Sky,https://www.youtube.com/watch?v=KtV9EdJv9B0,I Am the Sky|In the Land Beyond My Dreams | Instrumental|Kirtan,,
Eiw1-Tgw6Uw,O Thou King of the Infinite,https://www.youtube.com/watch?v=Eiw1-Tgw6Uw,"Thou, King, Infinite|In the Land Beyond My Dreams | Instrumental|Kirtan",,
hZb8jkVwDcc,"Will That Day Come to Me, Mother",https://www.youtube.com/watch?v=hZb8jkVwDcc,"Will, That, Day, Come, Mother|In the Land Beyond My Dreams | Instrumental|Kirtan",,
w4t5Rp7ksh0,"I Am the Bubble, Make Me the Sea",https://www.youtube.com/watch?v=w4t5Rp7ksh0,"Bubble, Make, Sea|In the Land Beyond My Dreams | Instrumental|Kirtan",,
9mZuIDNwLG8,Hymn to Brahma,https://www.youtube.com/watch?v=9mZuIDNwLG8,"Hymn, Brahma|In the Land Beyond My Dreams | Instrumental|Kirtan",,
R3oN5u57Sdg,"From This Sleep, Lord",https://www.youtube.com/watch?v=R3oN5u57Sdg,"From, This, Sleep, Lord|Where Golden Dreams Dwell | Instrumental|Kirtan",,
nicK6v5xVkU,In the Land Beyond My Dreams,https://www.youtube.com/watch?v=nicK6v5xVkU,"Land, Beyond, Dreams|Where Golden Dreams Dwell | Instrumental|Kirtan",,
3GJSJPBwAS8,"Come, Listen to My Soul Song",https://www.youtube.com/watch?v=3GJSJPBwAS8,"Come, Listen, Soul, Song|Where Golden Dreams Dwell | Instrumental|Kirtan",,
ESKVdyY4ZYY,Search Him Out in Secret,https://www.youtube.com/watch?v=ESKVdyY4ZYY,"Search, Him, Out, Secret|Where Golden Dreams Dwell | Instrumental|Kirtan",,
_yx6ZK6EqOU,Ever-New Joy,https://www.youtube.com/watch?v=_yx6ZK6EqOU,"EverNew, Joy|Where Golden Dreams Dwell | Instrumental|Kirtan",,
rRmCDUAG6Ek,Dawn Chant,https://www.youtube.com/watch?v=rRmCDUAG6Ek,"Dawn, Chant|Where Golden Dreams Dwell | Instrumental|Kirtan",,
42frmqga5m0,What Lightning Flash,https://www.youtube.com/watch?v=42frmqga5m0,"What, Lightning, Flash|Where Golden Dreams Dwell | Instrumental|Kirtan",,
KEvp3toAZeQ,"Wake, Yet Wake, O My Saint",https://www.youtube.com/watch?v=KEvp3toAZeQ,"Wake, Yet, Saint|Where Golden Dreams Dwell | Instrumental|Kirtan",,
5XiAaGgGklQ,"Will That Day Come to Me, Mother",https://www.youtube.com/watch?v=5XiAaGgGklQ,"Will, That, Day, Come, Mother|Where Golden Dreams Dwell | Instrumental|Kirtan",,
Jdoz-xxcHKA,O Thou Blue Sky,https://www.youtube.com/watch?v=Jdoz-xxcHKA,"Thou, Blue, Sky|Where Golden Dreams Dwell | Instrumental|Kirtan",,
7Y3W6bqoJ8k,He Who Knows,https://www.youtube.com/watch?v=7Y3W6bqoJ8k,"Who, Knows|Where Golden Dreams Dwell | Instrumental|Kirtan",,
zgxviHCoyPs,"Desire, My Great Enemy",https://www.youtube.com/watch?v=zgxviHCoyPs,"Desire, Great, Enemy|Where Golden Dreams Dwell | Instrumental|Kirtan",,
a4ZxVychm90,When My Dream's Dream is Done,https://www.youtube.com/watch?v=a4ZxVychm90,"When, Dreams, Dream, Done|Where Golden Dreams Dwell | Instrumental|Kirtan",,
Qn4Wmndg3vQ,Hymn to Brahma,https://www.youtube.com/watch?v=Qn4Wmndg3vQ,"Hymn, Brahma|When My Dream's Dream is Done | SRF Nuns|Kirtan",,
bYz_XyHsJKI,Polestar of My Life - O God Beautiful,https://www.youtube.com/watch?v=bYz_XyHsJKI,"Polestar, Life, God, Beautiful|When My Dream's Dream is Done | SRF Nuns|Kirtan",,
jijHOc0R-4g,Spirit and Nature,https://www.youtube.com/watch?v=jijHOc0R-4g,"Spirit, Nature|When My Dream's Dream is Done | SRF Nuns|Kirtan",,
jNqrEAWVLNE,When My Dream's Dream is Done,https://www.youtube.com/watch?v=jNqrEAWVLNE,"When, Dreams, Dream, Done|When My Dream's Dream is Done | SRF Nuns|Kirtan",,
Nt3urPc2tkw,Satchidananda Guru,https://www.youtube.com/watch?v=Nt3urPc2tkw,"Satchidananda, Guru|When My Dream's Dream is Done | SRF Nuns|Kirtan",,
zm2TRrZbLqI,"Listen, Listen, Listen",https://www.youtube.com/watch?v=zm2TRrZbLqI,Listen|When My Dream's Dream is Done | SRF Nuns|Kirtan,,
BdEtD_AN_Sc,Radhe Shyam,https://www.youtube.com/watch?v=BdEtD_AN_Sc,"Radhe, Shyam|When My Dream's Dream is Done | SRF Nuns|Kirtan",,
XmQasAzmxCU,Blue Lotus Feet - Om Chant,https://www.youtube.com/watch?v=XmQasAzmxCU,"Blue, Lotus, Feet, Chant|When My Dream's Dream is Done | SRF Nuns|Kirtan",,
jI5iAnceXZ4,I Will Sing Thy Name,https://www.youtube.com/watch?v=jI5iAnceXZ4,"Will, Sing, Thy, Name|I Will Sing Thy Name|Kirtan",,
6BDZL9e4zDg,Search Him Out in Secret,https://www.youtube.com/watch?v=6BDZL9e4zDg,"Search, Him, Out, Secret|I Will Sing Thy Name|Kirtan",,
c5OBhhEf5FA,Deliver Us From Delusion,https://www.youtube.com/watch?v=c5OBhhEf5FA,"Deliver, From, Delusion|I Will Sing Thy Name|Kirtan",,
gx_VaV_mScU,Who Is in My Temple,https://www.youtube.com/watch?v=gx_VaV_mScU,"Who, Temple|I Will Sing Thy Name|Kirtan",,
COhHyD2U-r8,Spirit and Nature,https://www.youtube.com/watch?v=COhHyD2U-r8,"Spirit, Nature|I Will Sing Thy Name|Kirtan",,
z5xNm-VYLfM,"Hare Krishna, Hare Ram",https://www.youtube.com/watch?v=z5xNm-VYLfM,"Hare, Krishna, Ram|I Will Sing Thy Name|Kirtan",,
raQEPqlHzTQ,In the Valley of Sorrow,https://www.youtube.com/watch?v=raQEPqlHzTQ,"Valley, Sorrow|I Will Sing Thy Name|Kirtan",,
C--HVQLIxe0,He Bhagavan,https://www.youtube.com/watch?v=C--HVQLIxe0,Bhagavan|I Will Sing Thy Name|Kirtan,,
gj-dth2Crl0,Light the Lamp of Thy Love,https://www.youtube.com/watch?v=gj-dth2Crl0,"Light, Lamp, Thy, Love|I Will Sing Thy Name|Kirtan",,
LbdlrkDveZM,Swami Ram Tirtha's Song,https://www.youtube.com/watch?v=LbdlrkDveZM,"Swami, Ram, Tirthas, Song|I Will Sing Thy Name|Kirtan",,
UegOUQ97PWs,Divine Gypsy,https://www.youtube.com/watch?v=UegOUQ97PWs,"Divine, Gypsy|I Will Sing Thy Name|Kirtan",,
hrLrdTdTsr4,Wink Has Not Touched My Eyes,https://www.youtube.com/watch?v=hrLrdTdTsr4,"Wink, Has, Not, Touched, Eyes|The Divine Gypsy | instrumental|Kirtan",,
c5C_4NTjiZs,Jai Guru - Radha Govinda Jai,https://www.youtube.com/watch?v=c5C_4NTjiZs,"Jai, Guru, Radha, Govinda|The Divine Gypsy | instrumental|Kirtan",,
kzncvlw781g,Aum Chant,https://www.youtube.com/watch?v=kzncvlw781g,"Aum, Chant|The Divine Gypsy | instrumental|Kirtan",,
Fa0Q3XfS3Cc,Divine Gypsy,https://www.youtube.com/watch?v=Fa0Q3XfS3Cc,"Divine, Gypsy|The Divine Gypsy | instrumental|Kirtan",,
5uK-ri-mMEE,I Will Be Thine Always,https://www.youtube.com/watch?v=5uK-ri-mMEE,"Will, Thine, Always|The Divine Gypsy | instrumental|Kirtan",,
km2XWg7aHGs,Divine Mother's Song to the Devotee,https://www.youtube.com/watch?v=km2XWg7aHGs,"Divine, Mothers, Song, Devotee|The Divine Gypsy | instrumental|Kirtan",,
eqwc5nqtqbo,Thousands of Suns,https://www.youtube.com/watch?v=eqwc5nqtqbo,"Thousands, Suns|The Divine Gypsy | instrumental|Kirtan",,
MHjKi1oFeIY,They Have Heard Thy Name,https://www.youtube.com/watch?v=MHjKi1oFeIY,"They, Have, Heard, Thy, Name|The Divine Gypsy | instrumental|Kirtan",,
AqFNf8QiRG4,I Am the Sky,https://www.youtube.com/watch?v=AqFNf8QiRG4,Sky|The Divine Gypsy | instrumental|Kirtan,,
8OXYnWbPSMo,O God Beautiful,https://www.youtube.com/watch?v=8OXYnWbPSMo,"God, Beautiful|The Divine Gypsy | instrumental|Kirtan",,
UIq6YRA7HGE,Jai Guru,https://www.youtube.com/watch?v=UIq6YRA7HGE,"Jai, Guru|When Thy Song Flows Through Me |SRF Monks|Kirtan",,
SsIi9Ba4h2Y,Thou Art My Life,https://www.youtube.com/watch?v=SsIi9Ba4h2Y,"Thou, Art, Life|When Thy Song Flows Through Me |SRF Monks|Kirtan",,
P_QZSGjaK9Y,Door of My Heart,https://www.youtube.com/watch?v=P_QZSGjaK9Y,"Door, Heart|When Thy Song Flows Through Me |SRF Monks|Kirtan",,
mXZazhOSN84,When Thy Song Flows Through Me,https://www.youtube.com/watch?v=mXZazhOSN84,"When, Thy, Song, Flows, Through|When Thy Song Flows Through Me |SRF Monks|Kirtan",,
Mj2w2WB9WwI,I Am the Sky,https://www.youtube.com/watch?v=Mj2w2WB9WwI,Sky|When Thy Song Flows Through Me |SRF Monks|Kirtan,,
s7redy0-Law,Polestar of My Life,https://www.youtube.com/watch?v=s7redy0-Law,"Polestar, Life|When Thy Song Flows Through Me |SRF Monks|Kirtan",,
6px3yz6gA-Y,Blue Lotus Feet,https://www.youtube.com/watch?v=6px3yz6gA-Y,"Blue, Lotus, Feet|When Thy Song Flows Through Me |SRF Monks|Kirtan",,
6bWOCm9OeTI,O God Beautiful - Aum Chant,https://www.youtube.com/watch?v=6bWOCm9OeTI,"God, Beautiful, Aum, Chant|When Thy Song Flows Through Me |SRF Monks|Kirtan",,
koOT2vXXyJs,Invocation to the Gurus,https://www.youtube.com/watch?v=koOT2vXXyJs,Invocation to the Gurus|In the Temple of My heart,,
zaWo5l18FD4,They Have Heard Thy Name,https://www.youtube.com/watch?v=zaWo5l18FD4,They Have Heard Thy Name|In the Temple of My heart,,
_oyZK23zif0,Opal Flame,https://www.youtube.com/watch?v=_oyZK23zif0,Opal Flame|In the Temple of My heart,,
BuV3m1oiSWM,God of Beauty,https://www.youtube.com/watch?v=BuV3m1oiSWM,God of Beauty|In the Temple of My heart,,
NKvXkU0I6yQ,Om Song,https://www.youtube.com/watch?v=NKvXkU0I6yQ,Om Song|In the Temple of My heart,,
jfFzZDWNeA4,In the Temple of Silence,https://www.youtube.com/watch?v=jfFzZDWNeA4,In the Temple of Silence|In the Temple of My heart,,
jXLyNsbu9bI,"Desire, My Great Enemy",https://www.youtube.com/watch?v=jXLyNsbu9bI,"Desire, My Great Enemy|In the Temple of My heart",,
905o-xfQpUM,Divine Love's Sorrow,https://www.youtube.com/watch?v=905o-xfQpUM,Divine Love's Sorrow|In the Temple of My heart,,
QuNfRtJ3OP4,"From This Sleep, Lord",https://www.youtube.com/watch?v=QuNfRtJ3OP4,"From This Sleep, Lord|In the Temple of My heart",,
VVqTgKySMLA,"Wake, Yet Wake, O My Saint",https://www.youtube.com/watch?v=VVqTgKySMLA,"Wake, Yet Wake, O My Saint|In the Temple of My heart",,
5w2W-wWF4Qw,What Lightning Flash,https://www.youtube.com/watch?v=5w2W-wWF4Qw,What Lightning Flash|In the Temple of My heart,,
UUVHntSSoQ8,"Why, O Mind, Wanderest Thou",https://www.youtube.com/watch?v=UUVHntSSoQ8,"Why, O Mind, Wanderest Thou|In the Temple of My heart",,
2p8JYIxMRns,Divine Mother's Song to the Devotee,https://www.youtube.com/watch?v=2p8JYIxMRns,Divine Mother's Song to the Devotee|In the Temple of My heart,,
6Umz_yN2vY8,Today My Mind Has Dived,https://www.youtube.com/watch?v=6Umz_yN2vY8,Today My Mind Has Dived|In the Temple of My heart,,
mKhXU6XhLQA,He Who Knows,https://www.youtube.com/watch?v=mKhXU6XhLQA,He Who Knows|In the Temple of My heart,,
wjQOnllwNb8,In Samadhi,https://www.youtube.com/watch?v=wjQOnllwNb8,In Samadhi|In the Temple of My heart,,
l4i3h4P2bys,When My Dream's Dream is Done,https://www.youtube.com/watch?v=l4i3h4P2bys,When My Dream's Dream is Done|,,
_nc7GgkGJx0,"Devotional Singing of Yoganandaji’s Cosmic Chant “Who is in My Temple?” by YSS Monastics in Tamil",https://www.youtube.com/watch?v=_nc7GgkGJx0,YSS|Tamil|YSS Monk|Kirtan|Cosmic Chants|Cosmic Chant Tamil|,completed,YSS Monastics
tRyj3zB4l34,"Devotional Singing of Yoganandaji’s Cosmic Chant “Polestar of My Life” by YSS Monastics in Tamil",https://www.youtube.com/watch?v=tRyj3zB4l34,YSS|Tamil|YSS Monk|Kirtan|Cosmic Chants|Cosmic Chant Tamil|,completed,YSS Monastics
VMde9B24YN0,"Devotional Singing of Yoganandaji’s Cosmic Chant “Door of My Heart” by YSS Monastics in Tamil",https://www.youtube.com/watch?v=VMde9B24YN0,YSS|Tamil|YSS Monk|Kirtan|Cosmic Chants|Cosmic Chant Tamil|,completed,YSS Monastics
kmRV3yBe6Lo,"Devotional Singing of Yoganandaji’s Cosmic Chant “Listen, Listen, Listen” by YSS Monastics in Tamil",https://www.youtube.com/watch?v=kmRV3yBe6Lo,YSS|Tamil|YSS Monk|Kirtan|Cosmic Chants|Cosmic Chant Tamil|,completed,YSS Monastics
PxkeAHuN-zQ,"The Art of Joyful Living: Yoga’s Path to Happiness | 2026 SRF World Convocation",https://www.youtube.com/watch?v=PxkeAHuN-zQ,SRF|English|2026 Convocation|Convocation|2026|SRF Monastics|,completed,SRF Monastics
dNCrgVMFHU4,Satsanga (Questions and Answers) | 2026 SRF World Convocation,https://www.youtube.com/watch?v=dNCrgVMFHU4,SRF|English|2026 Convocation|Convocation|2026|Brother Kartikananda|SRF Monastics|,completed,Brother Kartikananda
J5UhJB_QFEI,"Eternal Youth: What Does It Mean and How Can We Have It? | 2026 Convocation",https://www.youtube.com/watch?v=J5UhJB_QFEI,SRF|English|2026 Convocation|Convocation|2026|SRF Monastics|,completed,SRF Monastics

Fp15XnEqUgU,How Our Thoughts Can Change Our Lives | “How-to-Live” Talk With Meditation,https://www.youtube.com/watch?v=Fp15XnEqUgU,SRF|English|How-to-Live|Brother Ekananda|SRF Monastics|,completed,Brother Ekananda
PiWF4XgAygM,Developing an Intimate Relationship With God Through Prayer | How‑to‑Live Inspirational Talk,https://www.youtube.com/watch?v=PiWF4XgAygM,SRF|English|How-to-Live|Sister Draupadi|SRF Monastics|,completed,Sister Draupadi
6cWvUubsR2Y,Lighting the Way to a Higher Age | Brother Chidananda,https://www.youtube.com/watch?v=6cWvUubsR2Y,SRF|English|How-to-Live|Brother Chidananda|SRF Monastics|,completed,Brother Chidananda
SPrymONftC0,"Becoming a Giver of Peace, Joy, and Loving Kindness | “How-to-Live” Inspirational Talk",https://www.youtube.com/watch?v=SPrymONftC0,SRF|English|How-to-Live|Brother Nakulananda|SRF Monastics|,completed,Brother Nakulananda
MULMSu5qkX8,Finding God’s Love Through True Friendship | “How-to-Live” Talk With Meditation,https://www.youtube.com/watch?v=MULMSu5qkX8,SRF|English|How-to-Live|Sister Usha|SRF Monastics|,completed,Sister Usha
UAFFE-AmUfs,Kriya Yoga: Divine Dispensation for Our Awakening Age | Brother Anandamoy,https://www.youtube.com/watch?v=UAFFE-AmUfs,SRF|English|How-to-Live|Brother Anandamoy|SRF Monastics|,completed,Brother Anandamoy
MQM-9oeVJLo,Spiritual Victory Through Attunement With the Guru | “How-to-Live” Inspirational Talk,https://www.youtube.com/watch?v=MQM-9oeVJLo,SRF|English|How-to-Live|Brother Bhumananda|SRF Monastics|,completed,Brother Bhumananda
fM7jZf8u_T8,Stillness in Action: The Path of Karma Yoga | “How-to-Live” Talk With Meditation,https://www.youtube.com/watch?v=fM7jZf8u_T8,SRF|English|How-to-Live|Brother Kamalananda|SRF Monastics|,completed,Brother Kamalananda
JiwTmacwGKU,Perfecting Human Relationships | “How-to-Live” Inspirational Talk,https://www.youtube.com/watch?v=JiwTmacwGKU,SRF|English|How-to-Live|Brother Bhaktananda|SRF Monastics|,completed,Brother Bhaktananda
5xzu6Wo8-jk,Make Your Mind a Temple of God | “How-to-Live” Talk With Meditation,https://www.youtube.com/watch?v=5xzu6Wo8-jk,SRF|English|How-to-Live|Sister Ranjana|SRF Monastics|,completed,Sister Ranjana
J6cP0guk06Y,Concentration: Key to Communion With God | “How-to-Live” Talk With Meditation,https://www.youtube.com/watch?v=J6cP0guk06Y,SRF|English|How-to-Live|Brother Vidyananda|SRF Monastics|,completed,Brother Vidyananda
tXgTEQUjOtg,Satsanga (Questions and Answers) | 2026 SRF World Convocation,https://www.youtube.com/watch?v=tXgTEQUjOtg,SRF|English|2026 Convocation|Convocation|2026|Brother Sevananda|SRF Monastics|,completed,Brother Sevananda
0zU-XiVmBX4,Becoming an Instrument of Divine Love | 2026 SRF World Convocation,https://www.youtube.com/watch?v=0zU-XiVmBX4,SRF|English|2026 Convocation|Convocation|2026|Sister Draupadi|SRF Monastics|,completed,Sister Draupadi
6atoS1XS2GA,The Guru: Divine Friend and Guide | 2026 SRF World Convocation,https://www.youtube.com/watch?v=6atoS1XS2GA,SRF|English|2026 Convocation|Convocation|2026|10 Min Meditation|Guided Meditation|Brother Satyananda|SRF Monastics|,completed,Brother Satyananda
0q62SKQqdhs,Three-Hour Meditation With SRF/YSS President Brother Chidananda | 2026 SRF World Convocation,https://www.youtube.com/watch?v=0q62SKQqdhs,SRF|English|2026 Convocation|Convocation|2026|Brother Chidananda|SRF Monastics|,completed,Brother Chidananda
YZ5tJfLKcbs,Inner Security Through Divine Connection | 2026 SRF World Convocation,https://www.youtube.com/watch?v=YZ5tJfLKcbs,SRF|English|2026 Convocation|Convocation|2026|Brother Bhumananda|SRF Monastics|,completed,Brother Bhumananda
_eJOnf4tzZQ,Bringing the Calmness of Meditation Into Our Relationships | 2026 SRF World Convocation,https://www.youtube.com/watch?v=_eJOnf4tzZQ,SRF|English|2026 Convocation|Convocation|2026|Sister Karuna|SRF Monastics|,completed,Sister Karuna
RrHbvpYGCjs,Paramahansa Yogananda’s Kriya Yoga Teachings — With Brother Chidananda | 2026 SRF Convocation,https://www.youtube.com/watch?v=RrHbvpYGCjs,SRF|English|2026 Convocation|Convocation|2026|Brother Chidananda|SRF Monastics|,completed,Brother Chidananda
6atoS1XS2GA_10m,10-Minute Guided Meditation | The Guru: Divine Friend and Guide — Brother Satyananda,https://www.youtube.com/watch?v=6atoS1XS2GA&t=2400s,SRF|English|2026 Convocation|Convocation|2026|Guided Meditation|10 Min Meditation|10 Minutes|Brother Satyananda|SRF Monastics|,completed,Brother Satyananda
RrHbvpYGCjs_3m,3-Minute Guided Meditation | Kriya Yoga Teachings — Brother Chidananda (35m-41m),https://www.youtube.com/watch?v=RrHbvpYGCjs&t=35m&end=41m,SRF|English|2026 Convocation|Convocation|2026|Guided Meditation|3 Min Meditation|3 Minutes|Brother Chidananda|SRF Monastics|,completed,Brother Chidananda